GROUP_SET,GROUP_VALUE,GP,W,L,W_PCT,MIN,FGM,FGA,FG_PCT,FG3M,FG3A,FG3_PCT,FTM,FTA,FT_PCT,OREB,DREB,REB,AST,TOV,STL,BLK,BLKA,PF,PFD,PTS,PLUS_MINUS,NBA_FANTASY_PTS,DD2,TD3,GP_RANK,W_RANK,L_RANK,W_PCT_RANK,MIN_RANK,FGM_RANK,FGA_RANK,FG_PCT_RANK,FG3M_RANK,FG3A_RANK,FG3_PCT_RANK,FTM_RANK,FTA_RANK,FT_PCT_RANK,OREB_RANK,DREB_RANK,REB_RANK,AST_RANK,TOV_RANK,STL_RANK,BLK_RANK,BLKA_RANK,PF_RANK,PFD_RANK,PTS_RANK,PLUS_MINUS_RANK,NBA_FANTASY_PTS_RANK,DD2_RANK,TD3_RANK,CFID,CFPARAMS,PLAYER_NAME
Last 1 MIN <= 5 PTS,2020-21,4,1,3,0.25,2.3433333333333333,0,0,0.0,0,0,0.0,0,0,0.0,1,0,1,0,0,1,0,0,0,0,0,5,4.2,2,1,1,1,1,1,1,1,1,1,1,1,1,1,1,1,1,1,1,1,1,1,1,1,1,1,1,1,1,1,1,15,2020-21,Steven Adams
Last 1 MIN <= 5 PTS,2020-21,7,1,6,0.143,3.34,1,2,0.5,0,1,0.0,1,2,0.5,2,1,3,1,0,0,1,0,3,1,3,-1,11.1,5,0,1,1,1,1,1,1,1,1,1,1,1,1,1,1,1,1,1,1,1,1,1,1,1,1,1,1,1,1,1,15,2020-21,Bam Adebayo
Last 1 MIN <= 5 PTS,2020-21,6,3,3,0.5,3.62,1,2,0.5,0,0,0.0,0,0,0.0,1,0,1,0,0,0,0,0,0,0,2,2,3.2,0,0,1,1,1,1,1,1,1,1,1,1,1,1,1,1,1,1,1,1,1,1,1,1,1,1,1,1,1,1,1,15,2020-21,LaMarcus Aldridge
,,,,,,,,,,,,,,,,,,,,,,,,,,,,,,,,,,,,,,,,,,,,,,,,,,,,,,,,,,,,,,Kyle Alexander
Last 1 MIN <= 5 PTS,2020-21,2,0,2,0.0,0.8616666666666667,0,1,0.0,0,1,0.0,0,0,0.0,0,0,0,0,0,0,0,0,0,0,0,2,0.0,0,0,1,1,1,1,1,1,1,1,1,1,1,1,1,1,1,1,1,1,1,1,1,1,1,1,1,1,1,1,1,15,2020-21,Nickeil Alexander-Walker
Last 1 MIN <= 5 PTS,2020-21,1,0,1,0.0,0.005,0,0,0.0,0,0,0.0,0,0,0.0,0,0,0,0,0,0,0,0,0,0,0,0,0.0,0,0,1,1,1,1,1,1,1,1,1,1,1,1,1,1,1,1,1,1,1,1,1,1,1,1,1,1,1,1,1,15,2020-21,Grayson Allen
Last 1 MIN <= 5 PTS,2020-21,5,1,4,0.2,3.3983333333333334,0,0,0.0,0,0,0.0,0,0,0.0,0,1,1,0,0,0,0,0,0,0,0,-2,1.2,1,0,1,1,1,1,1,1,1,1,1,1,1,1,1,1,1,1,1,1,1,1,1,1,1,1,1,1,1,1,1,15,2020-21,Jarrett Allen
,,,,,,,,,,,,,,,,,,,,,,,,,,,,,,,,,,,,,,,,,,,,,,,,,,,,,,,,,,,,,,Kadeem Allen
,,,,,,,,,,,,,,,,,,,,,,,,,,,,,,,,,,,,,,,,,,,,,,,,,,,,,,,,,,,,,,Al-Farouq Aminu
,,,,,,,,,,,,,,,,,,,,,,,,,,,,,,,,,,,,,,,,,,,,,,,,,,,,,,,,,,,,,,Justin Anderson
Last 1 MIN <= 5 PTS,2020-21,3,1,2,0.333,3.255,0,0,0.0,0,0,0.0,0,0,0.0,0,2,2,1,0,0,0,0,1,0,0,3,3.9,0,0,1,1,1,1,1,1,1,1,1,1,1,1,1,1,1,1,1,1,1,1,1,1,1,1,1,1,1,1,1,15,2020-21,Kyle Anderson
,,,,,,,,,,,,,,,,,,,,,,,,,,,,,,,,,,,,,,,,,,,,,,,,,,,,,,,,,,,,,,Ryan Anderson
Last 1 MIN <= 5 PTS,2020-21,4,0,4,0.0,1.0233333333333334,0,0,0.0,0,0,0.0,1,2,0.5,0,0,0,0,0,0,0,0,2,1,1,1,1.0,4,0,1,1,1,1,1,1,1,1,1,1,1,1,1,1,1,1,1,1,1,1,1,1,1,1,1,1,1,1,1,15,2020-21,Giannis Antetokounmpo
,,,,,,,,,,,,,,,,,,,,,,,,,,,,,,,,,,,,,,,,,,,,,,,,,,,,,,,,,,,,,,Kostas Antetokounmpo
,,,,,,,,,,,,,,,,,,,,,,,,,,,,,,,,,,,,,,,,,,,,,,,,,,,,,,,,,,,,,,Thanasis Antetokounmpo
Last 1 MIN <= 5 PTS,2020-21,4,1,3,0.25,2.2716666666666665,0,1,0.0,0,1,0.0,0,0,0.0,0,0,0,0,0,0,0,0,1,0,0,0,0.0,0,0,1,1,1,1,1,1,1,1,1,1,1,1,1,1,1,1,1,1,1,1,1,1,1,1,1,1,1,1,1,15,2020-21,Carmelo Anthony
Last 1 MIN <= 5 PTS,2020-21,7,2,5,0.286,3.638333333333333,0,0,0.0,0,0,0.0,2,3,0.667,0,0,0,0,0,0,0,0,1,2,2,-4,2.0,0,0,1,1,1,1,1,1,1,1,1,1,1,1,1,1,1,1,1,1,1,1,1,1,1,1,1,1,1,1,1,15,2020-21,OG Anunoby
,,,,,,,,,,,,,,,,,,,,,,,,,,,,,,,,,,,,,,,,,,,,,,,,,,,,,,,,,,,,,,Ryan Arcidiacono
,,,,,,,,,,,,,,,,,,,,,,,,,,,,,,,,,,,,,,,,,,,,,,,,,,,,,,,,,,,,,,Trevor Ariza
,,,,,,,,,,,,,,,,,,,,,,,,,,,,,,,,,,,,,,,,,,,,,,,,,,,,,,,,,,,,,,D.J. Augustin
Last 1 MIN <= 5 PTS,2020-21,8,1,7,0.125,8.798333333333334,1,4,0.25,0,0,0.0,0,0,0.0,4,2,6,0,0,0,0,1,1,0,2,-14,9.2,5,0,1,1,1,1,1,1,1,1,1,1,1,1,1,1,1,1,1,1,1,1,1,1,1,1,1,1,1,1,1,15,2020-21,Deandre Ayton
Last 1 MIN <= 5 PTS,2020-21,3,0,3,0.0,0.27166666666666667,0,0,0.0,0,0,0.0,0,0,0.0,0,0,0,0,0,0,0,0,2,0,0,-7,0.0,0,0,1,1,1,1,1,1,1,1,1,1,1,1,1,1,1,1,1,1,1,1,1,1,1,1,1,1,1,1,1,15,2020-21,Dwayne Bacon
Last 1 MIN <= 5 PTS,2020-21,1,0,1,0.0,1.2666666666666666,0,1,0.0,0,1,0.0,0,0,0.0,0,0,0,0,0,0,0,0,0,0,0,-4,0.0,1,0,1,1,1,1,1,1,1,1,1,1,1,1,1,1,1,1,1,1,1,1,1,1,1,1,1,1,1,1,1,15,2020-21,Marvin Bagley III
Last 1 MIN <= 5 PTS,2020-21,3,1,2,0.333,2.335,1,1,1.0,0,0,0.0,0,0,0.0,0,0,0,1,0,0,0,0,0,0,2,5,3.5,0,0,1,1,1,1,1,1,1,1,1,1,1,1,1,1,1,1,1,1,1,1,1,1,1,1,1,1,1,1,1,15,2020-21,Lonzo Ball
,,,,,,,,,,,,,,,,,,,,,,,,,,,,,,,,,,,,,,,,,,,,,,,,,,,,,,,,,,,,,,Mo Bamba
,,,,,,,,,,,,,,,,,,,,,,,,,,,,,,,,,,,,,,,,,,,,,,,,,,,,,,,,,,,,,,J.J. Barea
Last 1 MIN <= 5 PTS,2020-21,6,1,5,0.167,5.571666666666666,2,4,0.5,0,0,0.0,0,0,0.0,1,2,3,0,0,1,0,1,2,0,4,1,10.6,0,0,1,1,1,1,1,1,1,1,1,1,1,1,1,1,1,1,1,1,1,1,1,1,1,1,1,1,1,1,1,15,2020-21,Harrison Barnes
Last 1 MIN <= 5 PTS,2020-21,6,1,5,0.167,2.3,0,1,0.0,0,0,0.0,0,0,0.0,0,0,0,0,0,0,0,0,1,0,0,2,0.0,1,0,1,1,1,1,1,1,1,1,1,1,1,1,1,1,1,1,1,1,1,1,1,1,1,1,1,1,1,1,1,15,2020-21,RJ Barrett
Last 1 MIN <= 5 PTS,2020-21,6,1,5,0.167,5.803333333333334,1,1,1.0,0,0,0.0,0,0,0.0,0,1,1,1,0,2,1,0,2,0,2,-6,13.7,0,0,1,1,1,1,1,1,1,1,1,1,1,1,1,1,1,1,1,1,1,1,1,1,1,1,1,1,1,1,1,15,2020-21,Will Barton
,,,,,,,,,,,,,,,,,,,,,,,,,,,,,,,,,,,,,,,,,,,,,,,,,,,,,,,,,,,,,,Keita Bates-Diop
Last 1 MIN <= 5 PTS,2020-21,5,0,5,0.0,4.825,0,1,0.0,0,1,0.0,3,4,0.75,0,0,0,0,0,1,0,0,2,2,3,-3,6.0,0,0,1,1,1,1,1,1,1,1,1,1,1,1,1,1,1,1,1,1,1,1,1,1,1,1,1,1,1,1,1,15,2020-21,Nicolas Batum
Last 1 MIN <= 5 PTS,2020-21,3,0,3,0.0,0.8883333333333333,0,0,0.0,0,0,0.0,0,0,0.0,0,0,0,0,0,0,0,0,0,0,0,-4,0.0,0,0,1,1,1,1,1,1,1,1,1,1,1,1,1,1,1,1,1,1,1,1,1,1,1,1,1,1,1,1,1,15,2020-21,Aron Baynes
Last 1 MIN <= 5 PTS,2020-21,3,1,2,0.333,1.9933333333333334,0,0,0.0,0,0,0.0,0,0,0.0,0,0,0,0,0,1,1,0,1,0,0,-4,6.0,0,0,1,1,1,1,1,1,1,1,1,1,1,1,1,1,1,1,1,1,1,1,1,1,1,1,1,1,1,1,1,15,2020-21,Kent Bazemore
Last 1 MIN <= 5 PTS,2020-21,6,3,3,0.5,3.691666666666667,0,0,0.0,0,0,0.0,0,0,0.0,0,0,0,1,0,0,0,0,0,0,0,5,1.5,4,0,1,1,1,1,1,1,1,1,1,1,1,1,1,1,1,1,1,1,1,1,1,1,1,1,1,1,1,1,1,15,2020-21,Darius Bazley
Last 1 MIN <= 5 PTS,2020-21,6,2,4,0.333,4.1066666666666665,2,7,0.286,1,2,0.5,1,2,0.5,0,1,1,1,0,0,0,0,1,0,6,-8,8.7,1,0,1,1,1,1,1,1,1,1,1,1,1,1,1,1,1,1,1,1,1,1,1,1,1,1,1,1,1,1,1,15,2020-21,Bradley Beal
Last 1 MIN <= 5 PTS,2020-21,7,1,6,0.143,5.608333333333333,2,5,0.4,0,2,0.0,0,0,0.0,2,0,2,0,0,0,0,0,1,0,4,4,6.4,0,0,1,1,1,1,1,1,1,1,1,1,1,1,1,1,1,1,1,1,1,1,1,1,1,1,1,1,1,1,1,15,2020-21,Malik Beasley
,,,,,,,,,,,,,,,,,,,,,,,,,,,,,,,,,,,,,,,,,,,,,,,,,,,,,,,,,,,,,,Marco Belinelli
,,,,,,,,,,,,,,,,,,,,,,,,,,,,,,,,,,,,,,,,,,,,,,,,,,,,,,,,,,,,,,Jordan Bell
Last 1 MIN <= 5 PTS,2020-21,2,1,1,0.5,1.5433333333333332,0,0,0.0,0,0,0.0,0,0,0.0,0,0,0,0,0,0,0,0,2,0,0,0,0.0,0,0,1,1,1,1,1,1,1,1,1,1,1,1,1,1,1,1,1,1,1,1,1,1,1,1,1,1,1,1,1,15,2020-21,DeAndre' Bembry
,,,,,,,,,,,,,,,,,,,,,,,,,,,,,,,,,,,,,,,,,,,,,,,,,,,,,,,,,,,,,,Dragan Bender
Last 1 MIN <= 5 PTS,2020-21,6,2,4,0.333,3.1933333333333334,0,1,0.0,0,1,0.0,0,0,0.0,0,0,0,0,1,0,0,0,2,0,0,-12,-1.0,0,0,1,1,1,1,1,1,1,1,1,1,1,1,1,1,1,1,1,1,1,1,1,1,1,1,1,1,1,1,1,15,2020-21,Davis Bertans
Last 1 MIN <= 5 PTS,2020-21,2,0,2,0.0,1.5,0,0,0.0,0,0,0.0,0,0,0.0,0,0,0,0,0,0,0,0,1,0,0,-2,0.0,0,0,1,1,1,1,1,1,1,1,1,1,1,1,1,1,1,1,1,1,1,1,1,1,1,1,1,1,1,1,1,15,2020-21,Patrick Beverley
Last 1 MIN <= 5 PTS,2020-21,3,0,3,0.0,0.7533333333333333,0,0,0.0,0,0,0.0,0,0,0.0,0,0,0,0,0,0,0,0,1,0,0,-8,0.0,0,0,1,1,1,1,1,1,1,1,1,1,1,1,1,1,1,1,1,1,1,1,1,1,1,1,1,1,1,1,1,15,2020-21,Khem Birch
Last 1 MIN <= 5 PTS,2020-21,1,0,1,0.0,0.0,0,0,0.0,0,0,0.0,0,0,0.0,0,0,0,0,0,0,0,0,0,0,0,0,0.0,0,0,1,1,1,1,1,1,1,1,1,1,1,1,1,1,1,1,1,1,1,1,1,1,1,1,1,1,1,1,1,15,2020-21,Goga Bitadze
Last 1 MIN <= 5 PTS,2020-21,3,1,2,0.333,0.92,0,0,0.0,0,0,0.0,0,0,0.0,0,0,0,0,0,0,0,0,0,0,0,4,0.0,0,0,1,1,1,1,1,1,1,1,1,1,1,1,1,1,1,1,1,1,1,1,1,1,1,1,1,1,1,1,1,15,2020-21,Bismack Biyombo
,,,,,,,,,,,,,,,,,,,,,,,,,,,,,,,,,,,,,,,,,,,,,,,,,,,,,,,,,,,,,,Nemanja Bjelica
Last 1 MIN <= 5 PTS,2020-21,2,1,1,0.5,1.1866666666666668,1,1,1.0,1,1,1.0,0,0,0.0,0,0,0,0,0,0,0,0,0,0,3,3,3.0,2,0,1,1,1,1,1,1,1,1,1,1,1,1,1,1,1,1,1,1,1,1,1,1,1,1,1,1,1,1,1,15,2020-21,Eric Bledsoe
Last 1 MIN <= 5 PTS,2020-21,2,0,2,0.0,1.8316666666666668,1,3,0.333,1,3,0.333,0,0,0.0,0,1,1,0,0,0,0,0,0,0,3,-4,4.2,0,0,1,1,1,1,1,1,1,1,1,1,1,1,1,1,1,1,1,1,1,1,1,1,1,1,1,1,1,1,1,15,2020-21,Bogdan Bogdanovic
Last 1 MIN <= 5 PTS,2020-21,2,1,1,0.5,1.3466666666666667,0,0,0.0,0,0,0.0,0,0,0.0,0,0,0,0,0,0,0,0,0,0,0,2,0.0,0,0,1,1,1,1,1,1,1,1,1,1,1,1,1,1,1,1,1,1,1,1,1,1,1,1,1,1,1,1,1,15,2020-21,Bojan Bogdanovic
,,,,,,,,,,,,,,,,,,,,,,,,,,,,,,,,,,,,,,,,,,,,,,,,,,,,,,,,,,,,,,Bol Bol
,,,,,,,,,,,,,,,,,,,,,,,,,,,,,,,,,,,,,,,,,,,,,,,,,,,,,,,,,,,,,,Jonah Bolden
,,,,,,,,,,,,,,,,,,,,,,,,,,,,,,,,,,,,,,,,,,,,,,,,,,,,,,,,,,,,,,Jordan Bone
Last 1 MIN <= 5 PTS,2020-21,1,0,1,0.0,0.31333333333333335,0,1,0.0,0,0,0.0,0,0,0.0,1,0,1,0,0,0,0,0,1,0,0,-2,1.2,0,0,1,1,1,1,1,1,1,1,1,1,1,1,1,1,1,1,1,1,1,1,1,1,1,1,1,1,1,1,1,15,2020-21,Isaac Bonga
Last 1 MIN <= 5 PTS,2020-21,6,1,5,0.167,6.1866666666666665,2,10,0.2,1,5,0.2,0,0,0.0,0,0,0,0,0,0,0,0,3,1,5,-11,5.0,0,0,1,1,1,1,1,1,1,1,1,1,1,1,1,1,1,1,1,1,1,1,1,1,1,1,1,1,1,1,1,15,2020-21,Devin Booker
Last 1 MIN <= 5 PTS,2020-21,4,1,3,0.25,1.9266666666666667,1,1,1.0,0,0,0.0,0,0,0.0,1,0,1,0,0,0,0,0,1,0,2,-2,3.2,1,0,1,1,1,1,1,1,1,1,1,1,1,1,1,1,1,1,1,1,1,1,1,1,1,1,1,1,1,1,1,15,2020-21,Chris Boucher
,,,,,,,,,,,,,,,,,,,,,,,,,,,,,,,,,,,,,,,,,,,,,,,,,,,,,,,,,,,,,,Brian Bowen II
,,,,,,,,,,,,,,,,,,,,,,,,,,,,,,,,,,,,,,,,,,,,,,,,,,,,,,,,,,,,,,Ky Bowman
Last 1 MIN <= 5 PTS,2020-21,1,0,1,0.0,0.27666666666666667,0,0,0.0,0,0,0.0,0,0,0.0,0,0,0,0,0,0,0,0,0,0,0,0,0.0,0,0,1,1,1,1,1,1,1,1,1,1,1,1,1,1,1,1,1,1,1,1,1,1,1,1,1,1,1,1,1,15,2020-21,Avery Bradley
,,,,,,,,,,,,,,,,,,,,,,,,,,,,,,,,,,,,,,,,,,,,,,,,,,,,,,,,,,,,,,Tony Bradley
,,,,,,,,,,,,,,,,,,,,,,,,,,,,,,,,,,,,,,,,,,,,,,,,,,,,,,,,,,,,,,Jarrell Brantley
,,,,,,,,,,,,,,,,,,,,,,,,,,,,,,,,,,,,,,,,,,,,,,,,,,,,,,,,,,,,,,Ignas Brazdeikis
Last 1 MIN <= 5 PTS,2020-21,8,1,7,0.125,8.62,1,2,0.5,1,1,1.0,3,4,0.75,1,2,3,1,0,0,0,0,0,2,6,-10,11.1,1,0,1,1,1,1,1,1,1,1,1,1,1,1,1,1,1,1,1,1,1,1,1,1,1,1,1,1,1,1,1,15,2020-21,Mikal Bridges
Last 1 MIN <= 5 PTS,2020-21,7,2,5,0.286,2.433333333333333,2,2,1.0,2,2,1.0,0,0,0.0,0,0,0,0,0,0,0,0,1,0,6,-4,6.0,0,0,1,1,1,1,1,1,1,1,1,1,1,1,1,1,1,1,1,1,1,1,1,1,1,1,1,1,1,1,1,15,2020-21,Miles Bridges
,,,,,,,,,,,,,,,,,,,,,,,,,,,,,,,,,,,,,,,,,,,,,,,,,,,,,,,,,,,,,,Oshae Brissett
,,,,,,,,,,,,,,,,,,,,,,,,,,,,,,,,,,,,,,,,,,,,,,,,,,,,,,,,,,,,,,Ryan Broekhoff
Last 1 MIN <= 5 PTS,2020-21,9,3,6,0.333,8.79,4,8,0.5,1,4,0.25,1,2,0.5,0,1,1,1,0,0,0,1,5,1,10,-8,12.7,1,0,1,1,1,1,1,1,1,1,1,1,1,1,1,1,1,1,1,1,1,1,1,1,1,1,1,1,1,1,1,15,2020-21,Malcolm Brogdon
Last 1 MIN <= 5 PTS,2020-21,3,1,2,0.333,3.255,1,2,0.5,1,1,1.0,0,0,0.0,0,0,0,0,1,0,0,0,0,0,3,3,2.0,0,0,1,1,1,1,1,1,1,1,1,1,1,1,1,1,1,1,1,1,1,1,1,1,1,1,1,1,1,1,1,15,2020-21,Dillon Brooks
Last 1 MIN <= 5 PTS,2020-21,2,1,1,0.5,0.17166666666666666,0,0,0.0,0,0,0.0,0,0,0.0,0,0,0,0,0,0,0,0,0,0,0,2,0.0,0,0,1,1,1,1,1,1,1,1,1,1,1,1,1,1,1,1,1,1,1,1,1,1,1,1,1,1,1,1,1,15,2020-21,Bruce Brown
Last 1 MIN <= 5 PTS,2020-21,9,3,6,0.333,7.471666666666667,1,3,0.333,1,2,0.5,0,0,0.0,0,1,1,1,0,0,0,0,1,1,3,2,5.7,1,0,1,1,1,1,1,1,1,1,1,1,1,1,1,1,1,1,1,1,1,1,1,1,1,1,1,1,1,1,1,15,2020-21,Jaylen Brown
,,,,,,,,,,,,,,,,,,,,,,,,,,,,,,,,,,,,,,,,,,,,,,,,,,,,,,,,,,,,,,Moses Brown
,,,,,,,,,,,,,,,,,,,,,,,,,,,,,,,,,,,,,,,,,,,,,,,,,,,,,,,,,,,,,,Sterling Brown
,,,,,,,,,,,,,,,,,,,,,,,,,,,,,,,,,,,,,,,,,,,,,,,,,,,,,,,,,,,,,,Charles Brown Jr.
Last 1 MIN <= 5 PTS,2020-21,2,0,2,0.0,1.2966666666666666,0,1,0.0,0,1,0.0,0,0,0.0,0,0,0,0,0,0,0,0,2,0,0,-6,0.0,0,0,1,1,1,1,1,1,1,1,1,1,1,1,1,1,1,1,1,1,1,1,1,1,1,1,1,1,1,1,1,15,2020-21,Troy Brown Jr.
Last 1 MIN <= 5 PTS,2020-21,2,0,2,0.0,0.66,0,0,0.0,0,0,0.0,0,0,0.0,0,0,0,0,0,0,0,0,0,0,0,-3,0.0,0,0,1,1,1,1,1,1,1,1,1,1,1,1,1,1,1,1,1,1,1,1,1,1,1,1,1,1,1,1,1,15,2020-21,Jalen Brunson
Last 1 MIN <= 5 PTS,2020-21,5,1,4,0.2,3.0116666666666667,1,2,0.5,0,1,0.0,0,0,0.0,1,0,1,0,0,0,0,0,1,0,2,-11,3.2,1,0,1,1,1,1,1,1,1,1,1,1,1,1,1,1,1,1,1,1,1,1,1,1,1,1,1,1,1,1,1,15,2020-21,Thomas Bryant
Last 1 MIN <= 5 PTS,2020-21,4,1,3,0.25,2.7466666666666666,0,0,0.0,0,0,0.0,0,0,0.0,0,1,1,1,1,1,0,0,0,0,0,2,4.7,0,0,1,1,1,1,1,1,1,1,1,1,1,1,1,1,1,1,1,1,1,1,1,1,1,1,1,1,1,1,1,15,2020-21,Reggie Bullock
Last 1 MIN <= 5 PTS,2020-21,4,0,4,0.0,1.655,0,1,0.0,0,1,0.0,0,0,0.0,0,0,0,0,0,0,0,0,2,0,0,-7,0.0,0,0,1,1,1,1,1,1,1,1,1,1,1,1,1,1,1,1,1,1,1,1,1,1,1,1,1,1,1,1,1,15,2020-21,Trey Burke
Last 1 MIN <= 5 PTS,2020-21,4,0,4,0.0,3.2283333333333335,1,2,0.5,1,2,0.5,0,0,0.0,0,0,0,0,0,0,0,0,1,0,3,-9,3.0,0,0,1,1,1,1,1,1,1,1,1,1,1,1,1,1,1,1,1,1,1,1,1,1,1,1,1,1,1,1,1,15,2020-21,Alec Burks
,,,,,,,,,,,,,,,,,,,,,,,,,,,,,,,,,,,,,,,,,,,,,,,,,,,,,,,,,,,,,,Deonte Burton
Last 1 MIN <= 5 PTS,2020-21,5,1,4,0.2,2.566666666666667,1,3,0.333,0,1,0.0,0,0,0.0,0,1,1,0,0,0,0,0,0,0,2,0,3.2,0,0,1,1,1,1,1,1,1,1,1,1,1,1,1,1,1,1,1,1,1,1,1,1,1,1,1,1,1,1,1,15,2020-21,Jimmy Butler
,,,,,,,,,,,,,,,,,,,,,,,,,,,,,,,,,,,,,,,,,,,,,,,,,,,,,,,,,,,,,,Bruno Caboclo
,,,,,,,,,,,,,,,,,,,,,,,,,,,,,,,,,,,,,,,,,,,,,,,,,,,,,,,,,,,,,,Devontae Cacok
Last 1 MIN <= 5 PTS,2020-21,4,2,2,0.5,3.745,0,0,0.0,0,0,0.0,0,0,0.0,0,0,0,0,0,0,0,0,0,0,0,9,0.0,0,0,1,1,1,1,1,1,1,1,1,1,1,1,1,1,1,1,1,1,1,1,1,1,1,1,1,1,1,1,1,15,2020-21,Kentavious Caldwell-Pope
,,,,,,,,,,,,,,,,,,,,,,,,,,,,,,,,,,,,,,,,,,,,,,,,,,,,,,,,,,,,,,Vlatko Cancar
Last 1 MIN <= 5 PTS,2020-21,5,1,4,0.2,3.15,1,2,0.5,0,0,0.0,0,0,0.0,0,1,1,0,0,0,0,1,0,0,2,1,3.2,5,0,1,1,1,1,1,1,1,1,1,1,1,1,1,1,1,1,1,1,1,1,1,1,1,1,1,1,1,1,1,15,2020-21,Clint Capela
,,,,,,,,,,,,,,,,,,,,,,,,,,,,,,,,,,,,,,,,,,,,,,,,,,,,,,,,,,,,,,DeMarre Carroll
Last 1 MIN <= 5 PTS,2020-21,2,0,2,0.0,0.12333333333333334,0,0,0.0,0,0,0.0,0,0,0.0,0,0,0,0,0,0,0,0,0,0,0,-3,0.0,0,0,1,1,1,1,1,1,1,1,1,1,1,1,1,1,1,1,1,1,1,1,1,1,1,1,1,1,1,1,1,15,2020-21,Jevon Carter
,,,,,,,,,,,,,,,,,,,,,,,,,,,,,,,,,,,,,,,,,,,,,,,,,,,,,,,,,,,,,,Vince Carter
Last 1 MIN <= 5 PTS,2020-21,3,0,3,0.0,2.12,0,0,0.0,0,0,0.0,0,0,0.0,0,0,0,0,0,0,0,0,0,0,0,-4,0.0,3,0,1,1,1,1,1,1,1,1,1,1,1,1,1,1,1,1,1,1,1,1,1,1,1,1,1,1,1,1,1,15,2020-21,Wendell Carter Jr.
Last 1 MIN <= 5 PTS,2020-21,2,1,1,0.5,1.0983333333333334,0,0,0.0,0,0,0.0,0,0,0.0,0,0,0,0,0,0,0,0,0,0,0,-1,0.0,0,0,1,1,1,1,1,1,1,1,1,1,1,1,1,1,1,1,1,1,1,1,1,1,1,1,1,1,1,1,1,15,2020-21,Michael Carter-Williams
Last 1 MIN <= 5 PTS,2020-21,3,1,2,0.333,2.901666666666667,0,0,0.0,0,0,0.0,0,0,0.0,0,0,0,0,0,0,0,0,0,0,0,5,0.0,0,0,1,1,1,1,1,1,1,1,1,1,1,1,1,1,1,1,1,1,1,1,1,1,1,1,1,1,1,1,1,15,2020-21,Alex Caruso
Last 1 MIN <= 5 PTS,2020-21,3,1,2,0.333,2.0816666666666666,0,0,0.0,0,0,0.0,0,0,0.0,1,0,1,0,0,0,0,0,1,0,0,-1,1.2,1,0,1,1,1,1,1,1,1,1,1,1,1,1,1,1,1,1,1,1,1,1,1,1,1,1,1,1,1,1,1,15,2020-21,Willie Cauley-Stein
,,,,,,,,,,,,,,,,,,,,,,,,,,,,,,,,,,,,,,,,,,,,,,,,,,,,,,,,,,,,,,Tyson Chandler
,,,,,,,,,,,,,,,,,,,,,,,,,,,,,,,,,,,,,,,,,,,,,,,,,,,,,,,,,,,,,,Wilson Chandler
,,,,,,,,,,,,,,,,,,,,,,,,,,,,,,,,,,,,,,,,,,,,,,,,,,,,,,,,,,,,,,Zylan Cheatham
Last 1 MIN <= 5 PTS,2020-21,1,0,1,0.0,0.82,0,1,0.0,0,0,0.0,0,0,0.0,0,0,0,0,0,0,0,0,0,0,0,0,0.0,0,0,1,1,1,1,1,1,1,1,1,1,1,1,1,1,1,1,1,1,1,1,1,1,1,1,1,1,1,1,1,15,2020-21,Chris Chiozza
,,,,,,,,,,,,,,,,,,,,,,,,,,,,,,,,,,,,,,,,,,,,,,,,,,,,,,,,,,,,,,Marquese Chriss
Last 1 MIN <= 5 PTS,2020-21,2,0,2,0.0,0.9883333333333333,0,0,0.0,0,0,0.0,0,0,0.0,0,0,0,0,0,0,0,0,0,0,0,-1,0.0,0,0,1,1,1,1,1,1,1,1,1,1,1,1,1,1,1,1,1,1,1,1,1,1,1,1,1,1,1,1,1,15,2020-21,Gary Clark
Last 1 MIN <= 5 PTS,2020-21,3,1,2,0.333,3.058333333333333,2,3,0.667,0,0,0.0,0,0,0.0,1,0,1,0,0,1,0,1,0,0,4,4,8.2,0,0,1,1,1,1,1,1,1,1,1,1,1,1,1,1,1,1,1,1,1,1,1,1,1,1,1,1,1,1,1,15,2020-21,Brandon Clarke
Last 1 MIN <= 5 PTS,2020-21,1,0,1,0.0,0.48333333333333334,0,0,0.0,0,0,0.0,1,1,1.0,0,0,0,0,0,0,0,0,0,0,1,2,1.0,0,0,1,1,1,1,1,1,1,1,1,1,1,1,1,1,1,1,1,1,1,1,1,1,1,1,1,1,1,1,1,15,2020-21,Jordan Clarkson
,,,,,,,,,,,,,,,,,,,,,,,,,,,,,,,,,,,,,,,,,,,,,,,,,,,,,,,,,,,,,,Nicolas Claxton
,,,,,,,,,,,,,,,,,,,,,,,,,,,,,,,,,,,,,,,,,,,,,,,,,,,,,,,,,,,,,,Chris Clemons
,,,,,,,,,,,,,,,,,,,,,,,,,,,,,,,,,,,,,,,,,,,,,,,,,,,,,,,,,,,,,,Antonius Cleveland
,,,,,,,,,,,,,,,,,,,,,,,,,,,,,,,,,,,,,,,,,,,,,,,,,,,,,,,,,,,,,,Amir Coffey
Last 1 MIN <= 5 PTS,2020-21,9,1,8,0.111,8.123333333333333,0,2,0.0,0,1,0.0,2,2,1.0,0,2,2,0,0,0,1,0,1,1,2,-12,7.4,4,0,1,1,1,1,1,1,1,1,1,1,1,1,1,1,1,1,1,1,1,1,1,1,1,1,1,1,1,1,1,15,2020-21,John Collins
,,,,,,,,,,,,,,,,,,,,,,,,,,,,,,,,,,,,,,,,,,,,,,,,,,,,,,,,,,,,,,Zach Collins
Last 1 MIN <= 5 PTS,2020-21,2,1,1,0.5,1.825,0,0,0.0,0,0,0.0,1,1,1.0,0,0,0,0,0,0,0,0,1,0,1,2,1.0,1,0,1,1,1,1,1,1,1,1,1,1,1,1,1,1,1,1,1,1,1,1,1,1,1,1,1,1,1,1,1,15,2020-21,Mike Conley
Last 1 MIN <= 5 PTS,2020-21,2,0,2,0.0,0.14666666666666667,0,0,0.0,0,0,0.0,0,0,0.0,0,0,0,0,0,0,0,0,0,0,0,-1,0.0,0,0,1,1,1,1,1,1,1,1,1,1,1,1,1,1,1,1,1,1,1,1,1,1,1,1,1,1,1,1,1,15,2020-21,Pat Connaughton
,,,,,,,,,,,,,,,,,,,,,,,,,,,,,,,,,,,,,,,,,,,,,,,,,,,,,,,,,,,,,,Quinn Cook
,,,,,,,,,,,,,,,,,,,,,,,,,,,,,,,,,,,,,,,,,,,,,,,,,,,,,,,,,,,,,,Tyler Cook
,,,,,,,,,,,,,,,,,,,,,,,,,,,,,,,,,,,,,,,,,,,,,,,,,,,,,,,,,,,,,,DeMarcus Cousins
Last 1 MIN <= 5 PTS,2020-21,4,3,1,0.75,4.355,1,1,1.0,0,0,0.0,0,0,0.0,0,0,0,2,0,0,0,0,1,1,2,12,5.0,0,0,1,1,1,1,1,1,1,1,1,1,1,1,1,1,1,1,1,1,1,1,1,1,1,1,1,1,1,1,1,15,2020-21,Robert Covington
,,,,,,,,,,,,,,,,,,,,,,,,,,,,,,,,,,,,,,,,,,,,,,,,,,,,,,,,,,,,,,Allen Crabbe
,,,,,,,,,,,,,,,,,,,,,,,,,,,,,,,,,,,,,,,,,,,,,,,,,,,,,,,,,,,,,,Torrey Craig
Last 1 MIN <= 5 PTS,2020-21,6,0,6,0.0,5.2283333333333335,1,1,1.0,1,1,1.0,0,0,0.0,0,2,2,0,0,0,0,0,1,0,3,-9,5.4,0,0,1,1,1,1,1,1,1,1,1,1,1,1,1,1,1,1,1,1,1,1,1,1,1,1,1,1,1,1,1,15,2020-21,Jae Crowder
Last 1 MIN <= 5 PTS,2020-21,2,0,2,0.0,0.0033333333333333335,0,0,0.0,0,0,0.0,0,0,0.0,0,0,0,0,0,0,0,0,0,0,0,0,0.0,0,0,1,1,1,1,1,1,1,1,1,1,1,1,1,1,1,1,1,1,1,1,1,1,1,1,1,1,1,1,1,15,2020-21,Jarrett Culver
Last 1 MIN <= 5 PTS,2020-21,1,1,0,1.0,0.13666666666666666,0,0,0.0,0,0,0.0,0,0,0.0,0,0,0,1,0,0,0,0,0,0,0,2,1.5,0,0,1,1,1,1,1,1,1,1,1,1,1,1,1,1,1,1,1,1,1,1,1,1,1,1,1,1,1,1,1,15,2020-21,Seth Curry
Last 1 MIN <= 5 PTS,2020-21,5,2,3,0.4,4.958333333333333,4,7,0.571,1,2,0.5,2,2,1.0,0,1,1,0,1,0,0,0,0,2,11,-1,11.2,1,0,1,1,1,1,1,1,1,1,1,1,1,1,1,1,1,1,1,1,1,1,1,1,1,1,1,1,1,1,1,15,2020-21,Stephen Curry
,,,,,,,,,,,,,,,,,,,,,,,,,,,,,,,,,,,,,,,,,,,,,,,,,,,,,,,,,,,,,,Troy Daniels
Last 1 MIN <= 5 PTS,2020-21,4,2,2,0.5,3.566666666666667,2,3,0.667,0,1,0.0,0,0,0.0,0,1,1,0,0,0,0,0,1,0,4,9,5.2,2,0,1,1,1,1,1,1,1,1,1,1,1,1,1,1,1,1,1,1,1,1,1,1,1,1,1,1,1,1,1,15,2020-21,Anthony Davis
,,,,,,,,,,,,,,,,,,,,,,,,,,,,,,,,,,,,,,,,,,,,,,,,,,,,,,,,,,,,,,Ed Davis
Last 1 MIN <= 5 PTS,2020-21,1,0,1,0.0,0.06666666666666667,0,0,0.0,0,0,0.0,0,0,0.0,0,0,0,0,0,0,0,0,0,0,0,2,0.0,0,0,1,1,1,1,1,1,1,1,1,1,1,1,1,1,1,1,1,1,1,1,1,1,1,1,1,1,1,1,1,15,2020-21,Terence Davis
Last 1 MIN <= 5 PTS,2020-21,7,3,4,0.429,5.725,4,9,0.444,0,1,0.0,3,3,1.0,1,0,1,0,0,0,0,1,1,2,11,-3,12.2,0,0,1,1,1,1,1,1,1,1,1,1,1,1,1,1,1,1,1,1,1,1,1,1,1,1,1,1,1,1,1,15,2020-21,DeMar DeRozan
,,,,,,,,,,,,,,,,,,,,,,,,,,,,,,,,,,,,,,,,,,,,,,,,,,,,,,,,,,,,,,Dewayne Dedmon
,,,,,,,,,,,,,,,,,,,,,,,,,,,,,,,,,,,,,,,,,,,,,,,,,,,,,,,,,,,,,,Matthew Dellavedova
Last 1 MIN <= 5 PTS,2020-21,4,0,4,0.0,1.1266666666666667,0,0,0.0,0,0,0.0,0,0,0.0,0,0,0,0,0,0,0,0,0,0,0,-1,0.0,0,0,1,1,1,1,1,1,1,1,1,1,1,1,1,1,1,1,1,1,1,1,1,1,1,1,1,1,1,1,1,15,2020-21,Donte DiVincenzo
,,,,,,,,,,,,,,,,,,,,,,,,,,,,,,,,,,,,,,,,,,,,,,,,,,,,,,,,,,,,,,Cheick Diallo
Last 1 MIN <= 5 PTS,2020-21,2,0,2,0.0,2.2333333333333334,0,2,0.0,0,1,0.0,0,0,0.0,0,1,1,0,0,1,0,0,1,0,0,0,4.2,2,0,1,1,1,1,1,1,1,1,1,1,1,1,1,1,1,1,1,1,1,1,1,1,1,1,1,1,1,1,1,15,2020-21,Hamidou Diallo
Last 1 MIN <= 5 PTS,2020-21,1,0,1,0.0,0.02,0,0,0.0,0,0,0.0,0,0,0.0,0,0,0,0,0,0,0,0,0,0,0,0,0.0,0,0,1,1,1,1,1,1,1,1,1,1,1,1,1,1,1,1,1,1,1,1,1,1,1,1,1,1,1,1,1,15,2020-21,Gorgui Dieng
,,,,,,,,,,,,,,,,,,,,,,,,,,,,,,,,,,,,,,,,,,,,,,,,,,,,,,,,,,,,,,Spencer Dinwiddie
Last 1 MIN <= 5 PTS,2020-21,6,1,5,0.167,3.785,2,5,0.4,0,3,0.0,0,0,0.0,0,3,3,1,1,0,0,0,1,0,4,-6,8.1,3,2,1,1,1,1,1,1,1,1,1,1,1,1,1,1,1,1,1,1,1,1,1,1,1,1,1,1,1,1,1,15,2020-21,Luka Doncic
Last 1 MIN <= 5 PTS,2020-21,5,3,2,0.6,3.735,0,2,0.0,0,1,0.0,0,0,0.0,0,0,0,0,0,1,0,0,0,1,0,10,3.0,0,0,1,1,1,1,1,1,1,1,1,1,1,1,1,1,1,1,1,1,1,1,1,1,1,1,1,1,1,1,1,15,2020-21,Luguentz Dort
Last 1 MIN <= 5 PTS,2020-21,1,1,0,1.0,0.14333333333333334,0,0,0.0,0,0,0.0,0,0,0.0,0,0,0,0,0,0,0,0,0,0,0,2,0.0,0,0,1,1,1,1,1,1,1,1,1,1,1,1,1,1,1,1,1,1,1,1,1,1,1,1,1,1,1,1,1,15,2020-21,Damyean Dotson
Last 1 MIN <= 5 PTS,2020-21,3,0,3,0.0,0.43833333333333335,0,0,0.0,0,0,0.0,0,0,0.0,0,0,0,0,0,0,0,0,0,0,0,-2,0.0,0,0,1,1,1,1,1,1,1,1,1,1,1,1,1,1,1,1,1,1,1,1,1,1,1,1,1,1,1,1,1,15,2020-21,Sekou Doumbouya
Last 1 MIN <= 5 PTS,2020-21,5,1,4,0.2,2.7083333333333335,0,0,0.0,0,0,0.0,0,0,0.0,1,0,1,0,0,0,0,0,2,0,0,-8,1.2,0,0,1,1,1,1,1,1,1,1,1,1,1,1,1,1,1,1,1,1,1,1,1,1,1,1,1,1,1,1,1,15,2020-21,PJ Dozier
Last 1 MIN <= 5 PTS,2020-21,4,0,4,0.0,2.305,1,5,0.2,1,4,0.25,0,0,0.0,0,0,0,0,0,0,0,0,0,0,3,-4,3.0,0,0,1,1,1,1,1,1,1,1,1,1,1,1,1,1,1,1,1,1,1,1,1,1,1,1,1,1,1,1,1,15,2020-21,Goran Dragic
Last 1 MIN <= 5 PTS,2020-21,4,2,2,0.5,3.8133333333333335,0,0,0.0,0,0,0.0,0,0,0.0,0,0,0,0,1,0,0,0,2,0,0,1,-1.0,4,0,1,1,1,1,1,1,1,1,1,1,1,1,1,1,1,1,1,1,1,1,1,1,1,1,1,1,1,1,1,15,2020-21,Andre Drummond
,,,,,,,,,,,,,,,,,,,,,,,,,,,,,,,,,,,,,,,,,,,,,,,,,,,,,,,,,,,,,,Jared Dudley
,,,,,,,,,,,,,,,,,,,,,,,,,,,,,,,,,,,,,,,,,,,,,,,,,,,,,,,,,,,,,,Kris Dunn
Last 1 MIN <= 5 PTS,2020-21,6,2,4,0.333,4.79,1,5,0.2,1,2,0.5,0,0,0.0,0,2,2,2,0,0,0,0,0,0,3,13,8.4,2,0,1,1,1,1,1,1,1,1,1,1,1,1,1,1,1,1,1,1,1,1,1,1,1,1,1,1,1,1,1,15,2020-21,Kevin Durant
Last 1 MIN <= 5 PTS,2020-21,2,1,1,0.5,0.26166666666666666,0,0,0.0,0,0,0.0,0,0,0.0,0,0,0,0,0,0,0,0,0,0,0,2,0.0,0,0,1,1,1,1,1,1,1,1,1,1,1,1,1,1,1,1,1,1,1,1,1,1,1,1,1,1,1,1,1,15,2020-21,Carsen Edwards
,,,,,,,,,,,,,,,,,,,,,,,,,,,,,,,,,,,,,,,,,,,,,,,,,,,,,,,,,,,,,,Henry Ellenson
Last 1 MIN <= 5 PTS,2020-21,4,0,4,0.0,2.8966666666666665,0,0,0.0,0,0,0.0,0,0,0.0,0,0,0,0,0,0,0,0,1,0,0,-1,0.0,0,0,1,1,1,1,1,1,1,1,1,1,1,1,1,1,1,1,1,1,1,1,1,1,1,1,1,1,1,1,1,15,2020-21,Wayne Ellington
Last 1 MIN <= 5 PTS,2020-21,2,2,0,1.0,1.6416666666666666,1,1,1.0,0,0,0.0,0,0,0.0,1,0,1,0,0,0,0,0,0,1,2,9,3.2,1,0,1,1,1,1,1,1,1,1,1,1,1,1,1,1,1,1,1,1,1,1,1,1,1,1,1,1,1,1,1,15,2020-21,Joel Embiid
Last 1 MIN <= 5 PTS,2020-21,2,1,1,0.5,1.0483333333333333,0,0,0.0,0,0,0.0,0,0,0.0,0,0,0,1,0,0,0,0,0,0,0,4,1.5,0,0,1,1,1,1,1,1,1,1,1,1,1,1,1,1,1,1,1,1,1,1,1,1,1,1,1,1,1,1,1,15,2020-21,James Ennis III
,,,,,,,,,,,,,,,,,,,,,,,,,,,,,,,,,,,,,,,,,,,,,,,,,,,,,,,,,,,,,,Drew Eubanks
,,,,,,,,,,,,,,,,,,,,,,,,,,,,,,,,,,,,,,,,,,,,,,,,,,,,,,,,,,,,,,Jacob Evans
Last 1 MIN <= 5 PTS,2020-21,1,1,0,1.0,0.3383333333333333,0,0,0.0,0,0,0.0,0,0,0.0,0,0,0,0,0,0,0,0,0,0,0,3,0.0,0,0,1,1,1,1,1,1,1,1,1,1,1,1,1,1,1,1,1,1,1,1,1,1,1,1,1,1,1,1,1,15,2020-21,Dante Exum
,,,,,,,,,,,,,,,,,,,,,,,,,,,,,,,,,,,,,,,,,,,,,,,,,,,,,,,,,,,,,,Tacko Fall
Last 1 MIN <= 5 PTS,2020-21,1,0,1,0.0,0.008333333333333333,0,0,0.0,0,0,0.0,0,0,0.0,0,0,0,0,0,0,0,0,0,0,0,0,0.0,0,0,1,1,1,1,1,1,1,1,1,1,1,1,1,1,1,1,1,1,1,1,1,1,1,1,1,1,1,1,1,15,2020-21,Derrick Favors
,,,,,,,,,,,,,,,,,,,,,,,,,,,,,,,,,,,,,,,,,,,,,,,,,,,,,,,,,,,,,,Cristiano Felicio
,,,,,,,,,,,,,,,,,,,,,,,,,,,,,,,,,,,,,,,,,,,,,,,,,,,,,,,,,,,,,,Terrance Ferguson
,,,,,,,,,,,,,,,,,,,,,,,,,,,,,,,,,,,,,,,,,,,,,,,,,,,,,,,,,,,,,,Bruno Fernando
,,,,,,,,,,,,,,,,,,,,,,,,,,,,,,,,,,,,,,,,,,,,,,,,,,,,,,,,,,,,,,Yogi Ferrell
Last 1 MIN <= 5 PTS,2020-21,5,1,4,0.2,2.505,0,0,0.0,0,0,0.0,0,0,0.0,0,0,0,0,0,0,0,0,1,0,0,-3,0.0,0,0,1,1,1,1,1,1,1,1,1,1,1,1,1,1,1,1,1,1,1,1,1,1,1,1,1,1,1,1,1,15,2020-21,Dorian Finney-Smith
Last 1 MIN <= 5 PTS,2020-21,1,0,1,0.0,0.03,0,0,0.0,0,0,0.0,0,0,0.0,0,0,0,0,0,0,0,0,0,0,0,-1,0.0,0,0,1,1,1,1,1,1,1,1,1,1,1,1,1,1,1,1,1,1,1,1,1,1,1,1,1,1,1,1,1,15,2020-21,Bryn Forbes
Last 1 MIN <= 5 PTS,2020-21,4,2,2,0.5,3.486666666666667,0,1,0.0,0,1,0.0,0,0,0.0,0,1,1,1,0,0,0,0,0,0,0,8,2.7,0,0,1,1,1,1,1,1,1,1,1,1,1,1,1,1,1,1,1,1,1,1,1,1,1,1,1,1,1,1,1,15,2020-21,Evan Fournier
Last 1 MIN <= 5 PTS,2020-21,6,1,5,0.167,5.528333333333333,3,6,0.5,1,2,0.5,0,0,0.0,2,0,2,0,0,0,1,1,3,1,7,1,12.4,2,0,1,1,1,1,1,1,1,1,1,1,1,1,1,1,1,1,1,1,1,1,1,1,1,1,1,1,1,1,1,15,2020-21,De'Aaron Fox
,,,,,,,,,,,,,,,,,,,,,,,,,,,,,,,,,,,,,,,,,,,,,,,,,,,,,,,,,,,,,,Michael Frazier
,,,,,,,,,,,,,,,,,,,,,,,,,,,,,,,,,,,,,,,,,,,,,,,,,,,,,,,,,,,,,,Tim Frazier
,,,,,,,,,,,,,,,,,,,,,,,,,,,,,,,,,,,,,,,,,,,,,,,,,,,,,,,,,,,,,,Melvin Frazier Jr.
Last 1 MIN <= 5 PTS,2020-21,2,1,1,0.5,1.0983333333333334,1,1,1.0,0,0,0.0,0,0,0.0,0,0,0,0,0,0,0,0,0,0,2,-1,2.0,0,0,1,1,1,1,1,1,1,1,1,1,1,1,1,1,1,1,1,1,1,1,1,1,1,1,1,1,1,1,1,15,2020-21,Markelle Fultz
,,,,,,,,,,,,,,,,,,,,,,,,,,,,,,,,,,,,,,,,,,,,,,,,,,,,,,,,,,,,,,Wenyen Gabriel
,,,,,,,,,,,,,,,,,,,,,,,,,,,,,,,,,,,,,,,,,,,,,,,,,,,,,,,,,,,,,,Daniel Gafford
Last 1 MIN <= 5 PTS,2020-21,1,0,1,0.0,0.47833333333333333,0,0,0.0,0,0,0.0,0,0,0.0,0,0,0,0,0,0,0,0,2,0,0,-1,0.0,0,0,1,1,1,1,1,1,1,1,1,1,1,1,1,1,1,1,1,1,1,1,1,1,1,1,1,1,1,1,1,15,2020-21,Danilo Gallinari
,,,,,,,,,,,,,,,,,,,,,,,,,,,,,,,,,,,,,,,,,,,,,,,,,,,,,,,,,,,,,,Langston Galloway
Last 1 MIN <= 5 PTS,2020-21,4,2,2,0.5,3.8133333333333335,0,1,0.0,0,0,0.0,0,0,0.0,0,0,0,0,0,0,0,0,0,0,0,1,0.0,1,0,1,1,1,1,1,1,1,1,1,1,1,1,1,1,1,1,1,1,1,1,1,1,1,1,1,1,1,1,1,15,2020-21,Darius Garland
,,,,,,,,,,,,,,,,,,,,,,,,,,,,,,,,,,,,,,,,,,,,,,,,,,,,,,,,,,,,,,Marc Gasol
Last 1 MIN <= 5 PTS,2020-21,5,2,3,0.4,3.9183333333333334,0,0,0.0,0,0,0.0,0,0,0.0,0,1,1,0,0,0,0,0,3,0,0,-10,1.2,0,0,1,1,1,1,1,1,1,1,1,1,1,1,1,1,1,1,1,1,1,1,1,1,1,1,1,1,1,1,1,15,2020-21,Rudy Gay
Last 1 MIN <= 5 PTS,2020-21,2,0,2,0.0,1.4616666666666667,1,1,1.0,1,1,1.0,0,0,0.0,0,0,0,0,0,0,0,0,2,0,3,-2,3.0,0,0,1,1,1,1,1,1,1,1,1,1,1,1,1,1,1,1,1,1,1,1,1,1,1,1,1,1,1,1,1,15,2020-21,Paul George
,,,,,,,,,,,,,,,,,,,,,,,,,,,,,,,,,,,,,,,,,,,,,,,,,,,,,,,,,,,,,,Taj Gibson
,,,,,,,,,,,,,,,,,,,,,,,,,,,,,,,,,,,,,,,,,,,,,,,,,,,,,,,,,,,,,,Harry Giles III
Last 1 MIN <= 5 PTS,2020-21,5,3,2,0.6,3.735,2,6,0.333,0,0,0.0,7,7,1.0,0,0,0,1,0,0,0,1,0,4,11,10,12.5,2,0,1,1,1,1,1,1,1,1,1,1,1,1,1,1,1,1,1,1,1,1,1,1,1,1,1,1,1,1,1,15,2020-21,Shai Gilgeous-Alexander
Last 1 MIN <= 5 PTS,2020-21,2,1,1,0.5,1.8533333333333333,1,1,1.0,0,0,0.0,0,0,0.0,1,1,2,0,0,0,0,0,0,0,2,1,4.4,2,0,1,1,1,1,1,1,1,1,1,1,1,1,1,1,1,1,1,1,1,1,1,1,1,1,1,1,1,1,1,15,2020-21,Rudy Gobert
Last 1 MIN <= 5 PTS,2020-21,2,0,2,0.0,0.08166666666666667,0,0,0.0,0,0,0.0,0,0,0.0,0,0,0,0,0,0,0,0,0,0,0,-3,0.0,0,0,1,1,1,1,1,1,1,1,1,1,1,1,1,1,1,1,1,1,1,1,1,1,1,1,1,1,1,1,1,15,2020-21,Brandon Goodwin
Last 1 MIN <= 5 PTS,2020-21,4,1,3,0.25,2.38,0,3,0.0,0,1,0.0,0,0,0.0,1,1,2,0,2,0,1,0,0,0,0,-4,3.4,1,1,1,1,1,1,1,1,1,1,1,1,1,1,1,1,1,1,1,1,1,1,1,1,1,1,1,1,1,1,1,15,2020-21,Aaron Gordon
Last 1 MIN <= 5 PTS,2020-21,4,0,4,0.0,2.6283333333333334,0,0,0.0,0,0,0.0,0,0,0.0,0,0,0,0,0,0,0,0,0,0,0,-9,0.0,0,0,1,1,1,1,1,1,1,1,1,1,1,1,1,1,1,1,1,1,1,1,1,1,1,1,1,1,1,1,1,15,2020-21,Eric Gordon
Last 1 MIN <= 5 PTS,2020-21,7,2,5,0.286,3.7916666666666665,1,3,0.333,1,3,0.333,2,3,0.667,1,1,2,1,0,0,0,1,1,2,5,8,8.9,2,0,1,1,1,1,1,1,1,1,1,1,1,1,1,1,1,1,1,1,1,1,1,1,1,1,1,1,1,1,1,15,2020-21,Devonte' Graham
,,,,,,,,,,,,,,,,,,,,,,,,,,,,,,,,,,,,,,,,,,,,,,,,,,,,,,,,,,,,,,Treveon Graham
Last 1 MIN <= 5 PTS,2020-21,9,1,8,0.111,9.183333333333334,1,7,0.143,1,4,0.25,3,3,1.0,0,1,1,1,0,0,1,2,4,2,6,-2,11.7,2,0,1,1,1,1,1,1,1,1,1,1,1,1,1,1,1,1,1,1,1,1,1,1,1,1,1,1,1,1,1,15,2020-21,Jerami Grant
,,,,,,,,,,,,,,,,,,,,,,,,,,,,,,,,,,,,,,,,,,,,,,,,,,,,,,,,,,,,,,Josh Gray
Last 1 MIN <= 5 PTS,2020-21,3,2,1,0.667,2.6416666666666666,1,4,0.25,0,3,0.0,0,0,0.0,3,0,3,2,1,1,0,1,0,0,2,8,10.6,1,0,1,1,1,1,1,1,1,1,1,1,1,1,1,1,1,1,1,1,1,1,1,1,1,1,1,1,1,1,1,15,2020-21,Danny Green
Last 1 MIN <= 5 PTS,2020-21,4,1,3,0.25,3.7466666666666666,0,2,0.0,0,2,0.0,0,0,0.0,0,1,1,0,0,0,0,0,3,0,0,-4,1.2,2,0,1,1,1,1,1,1,1,1,1,1,1,1,1,1,1,1,1,1,1,1,1,1,1,1,1,1,1,1,1,15,2020-21,Draymond Green
,,,,,,,,,,,,,,,,,,,,,,,,,,,,,,,,,,,,,,,,,,,,,,,,,,,,,,,,,,,,,,Gerald Green
Last 1 MIN <= 5 PTS,2020-21,2,0,2,0.0,0.8033333333333333,0,0,0.0,0,0,0.0,0,0,0.0,0,0,0,0,0,0,0,0,0,0,0,-3,0.0,0,0,1,1,1,1,1,1,1,1,1,1,1,1,1,1,1,1,1,1,1,1,1,1,1,1,1,1,1,1,1,15,2020-21,JaMychal Green
Last 1 MIN <= 5 PTS,2020-21,1,0,1,0.0,0.945,0,1,0.0,0,0,0.0,0,0,0.0,0,0,0,0,0,0,0,0,0,0,0,-2,0.0,0,0,1,1,1,1,1,1,1,1,1,1,1,1,1,1,1,1,1,1,1,1,1,1,1,1,1,1,1,1,1,15,2020-21,Javonte Green
Last 1 MIN <= 5 PTS,2020-21,9,2,7,0.222,4.895,2,2,1.0,1,1,1.0,0,0,0.0,0,0,0,0,0,0,0,0,2,0,5,1,5.0,0,0,1,1,1,1,1,1,1,1,1,1,1,1,1,1,1,1,1,1,1,1,1,1,1,1,1,1,1,1,1,15,2020-21,Jeff Green
Last 1 MIN <= 5 PTS,2020-21,6,1,5,0.167,5.5,1,3,0.333,1,2,0.5,1,2,0.5,1,2,3,0,0,0,0,1,0,1,4,5,7.6,1,0,1,1,1,1,1,1,1,1,1,1,1,1,1,1,1,1,1,1,1,1,1,1,1,1,1,1,1,1,1,15,2020-21,Blake Griffin
,,,,,,,,,,,,,,,,,,,,,,,,,,,,,,,,,,,,,,,,,,,,,,,,,,,,,,,,,,,,,,Marko Guduric
,,,,,,,,,,,,,,,,,,,,,,,,,,,,,,,,,,,,,,,,,,,,,,,,,,,,,,,,,,,,,,Kyle Guy
Last 1 MIN <= 5 PTS,2020-21,4,2,2,0.5,3.1683333333333334,0,1,0.0,0,0,0.0,0,0,0.0,0,0,0,0,1,0,0,0,0,0,0,0,-1.0,0,0,1,1,1,1,1,1,1,1,1,1,1,1,1,1,1,1,1,1,1,1,1,1,1,1,1,1,1,1,1,15,2020-21,Rui Hachimura
,,,,,,,,,,,,,,,,,,,,,,,,,,,,,,,,,,,,,,,,,,,,,,,,,,,,,,,,,,,,,,Devon Hall
Last 1 MIN <= 5 PTS,2020-21,6,0,6,0.0,2.55,0,1,0.0,0,1,0.0,0,0,0.0,0,0,0,0,0,0,0,0,0,0,0,-6,0.0,0,0,1,1,1,1,1,1,1,1,1,1,1,1,1,1,1,1,1,1,1,1,1,1,1,1,1,1,1,1,1,15,2020-21,Tim Hardaway Jr.
Last 1 MIN <= 5 PTS,2020-21,6,2,4,0.333,5.263333333333334,3,6,0.5,2,5,0.4,0,0,0.0,1,0,1,3,2,1,0,0,0,0,8,9,14.7,6,1,1,1,1,1,1,1,1,1,1,1,1,1,1,1,1,1,1,1,1,1,1,1,1,1,1,1,1,1,1,15,2020-21,James Harden
,,,,,,,,,,,,,,,,,,,,,,,,,,,,,,,,,,,,,,,,,,,,,,,,,,,,,,,,,,,,,,Maurice Harkless
,,,,,,,,,,,,,,,,,,,,,,,,,,,,,,,,,,,,,,,,,,,,,,,,,,,,,,,,,,,,,,Jared Harper
Last 1 MIN <= 5 PTS,2020-21,2,1,1,0.5,0.685,0,0,0.0,0,0,0.0,0,0,0.0,0,0,0,0,0,0,0,0,0,0,0,2,0.0,0,0,1,1,1,1,1,1,1,1,1,1,1,1,1,1,1,1,1,1,1,1,1,1,1,1,1,1,1,1,1,15,2020-21,Montrezl Harrell
Last 1 MIN <= 5 PTS,2020-21,6,2,4,0.333,6.905,0,1,0.0,0,0,0.0,0,0,0.0,0,0,0,0,0,0,0,0,0,0,0,2,0.0,0,0,1,1,1,1,1,1,1,1,1,1,1,1,1,1,1,1,1,1,1,1,1,1,1,1,1,1,1,1,1,15,2020-21,Gary Harris
Last 1 MIN <= 5 PTS,2020-21,9,2,7,0.222,6.96,0,1,0.0,0,1,0.0,1,1,1.0,0,0,0,0,0,0,0,0,2,0,1,4,1.0,0,0,1,1,1,1,1,1,1,1,1,1,1,1,1,1,1,1,1,1,1,1,1,1,1,1,1,1,1,1,1,15,2020-21,Joe Harris
Last 1 MIN <= 5 PTS,2020-21,2,1,1,0.5,1.1366666666666667,1,1,1.0,0,0,0.0,0,0,0.0,0,0,0,0,1,0,0,0,0,0,2,1,1.0,0,0,1,1,1,1,1,1,1,1,1,1,1,1,1,1,1,1,1,1,1,1,1,1,1,1,1,1,1,1,1,15,2020-21,Tobias Harris
,,,,,,,,,,,,,,,,,,,,,,,,,,,,,,,,,,,,,,,,,,,,,,,,,,,,,,,,,,,,,,Shaquille Harrison
Last 1 MIN <= 5 PTS,2020-21,2,0,2,0.0,0.02,0,0,0.0,0,0,0.0,0,0,0.0,0,0,0,0,0,0,0,0,0,0,0,0,0.0,0,0,1,1,1,1,1,1,1,1,1,1,1,1,1,1,1,1,1,1,1,1,1,1,1,1,1,1,1,1,1,15,2020-21,Josh Hart
,,,,,,,,,,,,,,,,,,,,,,,,,,,,,,,,,,,,,,,,,,,,,,,,,,,,,,,,,,,,,,Isaiah Hartenstein
,,,,,,,,,,,,,,,,,,,,,,,,,,,,,,,,,,,,,,,,,,,,,,,,,,,,,,,,,,,,,,Udonis Haslem
Last 1 MIN <= 5 PTS,2020-21,1,0,1,0.0,0.011666666666666667,0,0,0.0,0,0,0.0,0,0,0.0,0,0,0,0,0,0,0,0,0,0,0,0,0.0,0,0,1,1,1,1,1,1,1,1,1,1,1,1,1,1,1,1,1,1,1,1,1,1,1,1,1,1,1,1,1,15,2020-21,Jaxson Hayes
Last 1 MIN <= 5 PTS,2020-21,6,2,4,0.333,2.87,1,1,1.0,0,0,0.0,0,0,0.0,0,0,0,1,0,0,0,0,2,0,2,4,3.5,0,0,1,1,1,1,1,1,1,1,1,1,1,1,1,1,1,1,1,1,1,1,1,1,1,1,1,1,1,1,1,15,2020-21,Gordon Hayward
,,,,,,,,,,,,,,,,,,,,,,,,,,,,,,,,,,,,,,,,,,,,,,,,,,,,,,,,,,,,,,John Henson
,,,,,,,,,,,,,,,,,,,,,,,,,,,,,,,,,,,,,,,,,,,,,,,,,,,,,,,,,,,,,,Dewan Hernandez
,,,,,,,,,,,,,,,,,,,,,,,,,,,,,,,,,,,,,,,,,,,,,,,,,,,,,,,,,,,,,,Juancho Hernangomez
,,,,,,,,,,,,,,,,,,,,,,,,,,,,,,,,,,,,,,,,,,,,,,,,,,,,,,,,,,,,,,Willy Hernangomez
Last 1 MIN <= 5 PTS,2020-21,6,1,5,0.167,3.433333333333333,0,4,0.0,0,3,0.0,0,0,0.0,0,1,1,0,0,0,0,0,0,0,0,4,1.2,1,0,1,1,1,1,1,1,1,1,1,1,1,1,1,1,1,1,1,1,1,1,1,1,1,1,1,1,1,1,1,15,2020-21,Tyler Herro
,,,,,,,,,,,,,,,,,,,,,,,,,,,,,,,,,,,,,,,,,,,,,,,,,,,,,,,,,,,,,,Kevin Hervey
,,,,,,,,,,,,,,,,,,,,,,,,,,,,,,,,,,,,,,,,,,,,,,,,,,,,,,,,,,,,,,Mario Hezonja
Last 1 MIN <= 5 PTS,2020-21,6,1,5,0.167,5.28,1,5,0.2,0,4,0.0,0,0,0.0,1,0,1,0,1,0,1,0,2,0,2,3,5.2,0,0,1,1,1,1,1,1,1,1,1,1,1,1,1,1,1,1,1,1,1,1,1,1,1,1,1,1,1,1,1,15,2020-21,Buddy Hield
Last 1 MIN <= 5 PTS,2020-21,4,3,1,0.75,2.5183333333333335,0,0,0.0,0,0,0.0,2,2,1.0,0,0,0,0,0,0,0,0,0,1,2,10,2.0,0,0,1,1,1,1,1,1,1,1,1,1,1,1,1,1,1,1,1,1,1,1,1,1,1,1,1,1,1,1,1,15,2020-21,George Hill
Last 1 MIN <= 5 PTS,2020-21,3,1,2,0.333,1.9316666666666666,0,0,0.0,0,0,0.0,0,0,0.0,0,1,1,0,0,0,0,0,0,0,0,0,1.2,0,0,1,1,1,1,1,1,1,1,1,1,1,1,1,1,1,1,1,1,1,1,1,1,1,1,1,1,1,1,1,15,2020-21,Solomon Hill
,,,,,,,,,,,,,,,,,,,,,,,,,,,,,,,,,,,,,,,,,,,,,,,,,,,,,,,,,,,,,,Jaylen Hoard
Last 1 MIN <= 5 PTS,2020-21,2,0,2,0.0,1.125,0,0,0.0,0,0,0.0,0,0,0.0,0,0,0,0,0,0,0,0,1,0,0,0,0.0,0,0,1,1,1,1,1,1,1,1,1,1,1,1,1,1,1,1,1,1,1,1,1,1,1,1,1,1,1,1,1,15,2020-21,Aaron Holiday
Last 1 MIN <= 5 PTS,2020-21,4,0,4,0.0,1.1633333333333333,0,0,0.0,0,0,0.0,0,0,0.0,0,0,0,0,0,0,0,0,0,0,0,-1,0.0,0,0,1,1,1,1,1,1,1,1,1,1,1,1,1,1,1,1,1,1,1,1,1,1,1,1,1,1,1,1,1,15,2020-21,Jrue Holiday
Last 1 MIN <= 5 PTS,2020-21,10,3,7,0.3,8.478333333333333,0,0,0.0,0,0,0.0,0,0,0.0,0,1,1,0,1,0,0,0,1,2,0,-9,0.2,0,0,1,1,1,1,1,1,1,1,1,1,1,1,1,1,1,1,1,1,1,1,1,1,1,1,1,1,1,1,1,15,2020-21,Justin Holiday
,,,,,,,,,,,,,,,,,,,,,,,,,,,,,,,,,,,,,,,,,,,,,,,,,,,,,,,,,,,,,,Rondae Hollis-Jefferson
Last 1 MIN <= 5 PTS,2020-21,5,0,5,0.0,3.8216666666666668,1,2,0.5,0,0,0.0,0,1,0.0,1,0,1,1,0,0,0,1,1,1,2,-3,4.7,1,0,1,1,1,1,1,1,1,1,1,1,1,1,1,1,1,1,1,1,1,1,1,1,1,1,1,1,1,1,1,15,2020-21,Richaun Holmes
Last 1 MIN <= 5 PTS,2020-21,2,1,1,0.5,1.6566666666666667,0,0,0.0,0,0,0.0,0,0,0.0,0,0,0,0,0,0,0,0,2,0,0,3,0.0,0,0,1,1,1,1,1,1,1,1,1,1,1,1,1,1,1,1,1,1,1,1,1,1,1,1,1,1,1,1,1,15,2020-21,Rodney Hood
Last 1 MIN <= 5 PTS,2020-21,5,2,3,0.4,3.4183333333333334,1,2,0.5,1,2,0.5,0,0,0.0,1,1,2,0,0,0,0,0,1,0,3,5,5.4,0,0,1,1,1,1,1,1,1,1,1,1,1,1,1,1,1,1,1,1,1,1,1,1,1,1,1,1,1,1,1,15,2020-21,Al Horford
Last 1 MIN <= 5 PTS,2020-21,1,1,0,1.0,0.23833333333333334,0,0,0.0,0,0,0.0,0,0,0.0,0,0,0,0,0,0,0,0,0,0,0,2,0.0,0,0,1,1,1,1,1,1,1,1,1,1,1,1,1,1,1,1,1,1,1,1,1,1,1,1,1,1,1,1,1,15,2020-21,Talen Horton-Tucker
Last 1 MIN <= 5 PTS,2020-21,2,0,2,0.0,3.2266666666666666,0,1,0.0,0,1,0.0,0,0,0.0,0,1,1,0,0,0,0,0,1,0,0,4,1.2,0,0,1,1,1,1,1,1,1,1,1,1,1,1,1,1,1,1,1,1,1,1,1,1,1,1,1,1,1,1,1,15,2020-21,Danuel House Jr.
Last 1 MIN <= 5 PTS,2020-21,1,0,1,0.0,0.915,0,0,0.0,0,0,0.0,0,0,0.0,0,1,1,0,0,0,0,0,0,0,0,-1,1.2,0,0,1,1,1,1,1,1,1,1,1,1,1,1,1,1,1,1,1,1,1,1,1,1,1,1,1,1,1,1,1,15,2020-21,Dwight Howard
,,,,,,,,,,,,,,,,,,,,,,,,,,,,,,,,,,,,,,,,,,,,,,,,,,,,,,,,,,,,,,William Howard
Last 1 MIN <= 5 PTS,2020-21,7,1,6,0.143,6.078333333333333,0,0,0.0,0,0,0.0,0,0,0.0,0,0,0,2,1,0,0,0,5,0,0,-6,2.0,1,0,1,1,1,1,1,1,1,1,1,1,1,1,1,1,1,1,1,1,1,1,1,1,1,1,1,1,1,1,1,15,2020-21,Kevin Huerter
Last 1 MIN <= 5 PTS,2020-21,6,0,6,0.0,5.996666666666667,1,3,0.333,1,3,0.333,0,0,0.0,0,1,1,1,0,0,0,0,4,0,3,-12,5.7,0,0,1,1,1,1,1,1,1,1,1,1,1,1,1,1,1,1,1,1,1,1,1,1,1,1,1,1,1,1,1,15,2020-21,De'Andre Hunter
Last 1 MIN <= 5 PTS,2020-21,1,0,1,0.0,0.03833333333333333,0,0,0.0,0,0,0.0,0,0,0.0,0,0,0,0,0,0,0,0,0,0,0,0,0.0,0,0,1,1,1,1,1,1,1,1,1,1,1,1,1,1,1,1,1,1,1,1,1,1,1,1,1,1,1,1,1,15,2020-21,Chandler Hutchison
Last 1 MIN <= 5 PTS,2020-21,4,0,4,0.0,1.4866666666666666,0,0,0.0,0,0,0.0,0,0,0.0,0,0,0,0,0,0,0,0,0,0,0,1,0.0,0,0,1,1,1,1,1,1,1,1,1,1,1,1,1,1,1,1,1,1,1,1,1,1,1,1,1,1,1,1,1,15,2020-21,Serge Ibaka
Last 1 MIN <= 5 PTS,2020-21,4,0,4,0.0,1.03,0,1,0.0,0,1,0.0,0,0,0.0,0,1,1,0,0,0,0,0,1,0,0,-5,1.2,0,0,1,1,1,1,1,1,1,1,1,1,1,1,1,1,1,1,1,1,1,1,1,1,1,1,1,1,1,1,1,15,2020-21,Andre Iguodala
,,,,,,,,,,,,,,,,,,,,,,,,,,,,,,,,,,,,,,,,,,,,,,,,,,,,,,,,,,,,,,Ersan Ilyasova
Last 1 MIN <= 5 PTS,2020-21,1,0,1,0.0,0.09833333333333333,0,0,0.0,0,0,0.0,0,0,0.0,0,0,0,0,0,0,0,0,1,0,0,-3,0.0,0,0,1,1,1,1,1,1,1,1,1,1,1,1,1,1,1,1,1,1,1,1,1,1,1,1,1,1,1,1,1,15,2020-21,Joe Ingles
Last 1 MIN <= 5 PTS,2020-21,4,1,3,0.25,2.3433333333333333,1,3,0.333,0,0,0.0,0,0,0.0,0,0,0,0,0,0,0,0,0,0,2,5,2.0,1,0,1,1,1,1,1,1,1,1,1,1,1,1,1,1,1,1,1,1,1,1,1,1,1,1,1,1,1,1,1,15,2020-21,Brandon Ingram
Last 1 MIN <= 5 PTS,2020-21,6,1,5,0.167,4.62,1,2,0.5,0,1,0.0,0,0,0.0,0,0,0,0,0,0,0,0,0,1,2,9,2.0,1,0,1,1,1,1,1,1,1,1,1,1,1,1,1,1,1,1,1,1,1,1,1,1,1,1,1,1,1,1,1,15,2020-21,Kyrie Irving
,,,,,,,,,,,,,,,,,,,,,,,,,,,,,,,,,,,,,,,,,,,,,,,,,,,,,,,,,,,,,,Jonathan Isaac
Last 1 MIN <= 5 PTS,2020-21,1,0,1,0.0,0.016666666666666666,0,0,0.0,0,0,0.0,0,0,0.0,0,0,0,0,0,0,0,0,0,0,0,-1,0.0,0,0,1,1,1,1,1,1,1,1,1,1,1,1,1,1,1,1,1,1,1,1,1,1,1,1,1,1,1,1,1,15,2020-21,Wes Iwundu
,,,,,,,,,,,,,,,,,,,,,,,,,,,,,,,,,,,,,,,,,,,,,,,,,,,,,,,,,,,,,,Frank Jackson
Last 1 MIN <= 5 PTS,2020-21,6,0,6,0.0,3.7533333333333334,1,2,0.5,0,0,0.0,0,0,0.0,0,0,0,0,0,0,0,0,1,0,2,-5,2.0,0,0,1,1,1,1,1,1,1,1,1,1,1,1,1,1,1,1,1,1,1,1,1,1,1,1,1,1,1,1,1,15,2020-21,Josh Jackson
Last 1 MIN <= 5 PTS,2020-21,1,0,1,0.0,1.0166666666666666,0,0,0.0,0,0,0.0,0,0,0.0,0,0,0,0,0,0,0,0,0,0,0,0,0.0,0,0,1,1,1,1,1,1,1,1,1,1,1,1,1,1,1,1,1,1,1,1,1,1,1,1,1,1,1,1,1,15,2020-21,Justin Jackson
Last 1 MIN <= 5 PTS,2020-21,3,0,3,0.0,1.0966666666666667,0,0,0.0,0,0,0.0,0,0,0.0,0,0,0,1,0,0,0,0,3,0,0,-1,1.5,0,0,1,1,1,1,1,1,1,1,1,1,1,1,1,1,1,1,1,1,1,1,1,1,1,1,1,1,1,1,1,15,2020-21,Reggie Jackson
,,,,,,,,,,,,,,,,,,,,,,,,,,,,,,,,,,,,,,,,,,,,,,,,,,,,,,,,,,,,,,Jaren Jackson Jr.
,,,,,,,,,,,,,,,,,,,,,,,,,,,,,,,,,,,,,,,,,,,,,,,,,,,,,,,,,,,,,,Justin James
Last 1 MIN <= 5 PTS,2020-21,5,3,2,0.6,4.226666666666667,1,5,0.2,0,2,0.0,2,2,1.0,0,2,2,1,0,0,0,1,0,1,4,11,7.9,3,2,1,1,1,1,1,1,1,1,1,1,1,1,1,1,1,1,1,1,1,1,1,1,1,1,1,1,1,1,1,15,2020-21,LeBron James
,,,,,,,,,,,,,,,,,,,,,,,,,,,,,,,,,,,,,,,,,,,,,,,,,,,,,,,,,,,,,,Amile Jefferson
,,,,,,,,,,,,,,,,,,,,,,,,,,,,,,,,,,,,,,,,,,,,,,,,,,,,,,,,,,,,,,DaQuan Jeffries
,,,,,,,,,,,,,,,,,,,,,,,,,,,,,,,,,,,,,,,,,,,,,,,,,,,,,,,,,,,,,,Ty Jerome
,,,,,,,,,,,,,,,,,,,,,,,,,,,,,,,,,,,,,,,,,,,,,,,,,,,,,,,,,,,,,,Alize Johnson
,,,,,,,,,,,,,,,,,,,,,,,,,,,,,,,,,,,,,,,,,,,,,,,,,,,,,,,,,,,,,,BJ Johnson
Last 1 MIN <= 5 PTS,2020-21,6,1,5,0.167,5.601666666666667,0,1,0.0,0,1,0.0,0,0,0.0,0,0,0,0,0,0,0,0,1,0,0,-8,0.0,0,0,1,1,1,1,1,1,1,1,1,1,1,1,1,1,1,1,1,1,1,1,1,1,1,1,1,1,1,1,1,15,2020-21,Cameron Johnson
Last 1 MIN <= 5 PTS,2020-21,2,0,2,0.0,0.5483333333333333,0,0,0.0,0,0,0.0,0,0,0.0,0,0,0,0,0,0,0,0,0,0,0,-2,0.0,0,0,1,1,1,1,1,1,1,1,1,1,1,1,1,1,1,1,1,1,1,1,1,1,1,1,1,1,1,1,1,15,2020-21,James Johnson
Last 1 MIN <= 5 PTS,2020-21,7,2,5,0.286,5.3966666666666665,0,1,0.0,0,0,0.0,0,0,0.0,0,1,1,0,0,0,2,0,2,0,0,-6,7.2,4,0,1,1,1,1,1,1,1,1,1,1,1,1,1,1,1,1,1,1,1,1,1,1,1,1,1,1,1,1,1,15,2020-21,Keldon Johnson
Last 1 MIN <= 5 PTS,2020-21,2,1,1,0.5,0.9566666666666667,0,1,0.0,0,1,0.0,0,0,0.0,0,0,0,0,0,0,0,0,0,0,0,-3,0.0,0,0,1,1,1,1,1,1,1,1,1,1,1,1,1,1,1,1,1,1,1,1,1,1,1,1,1,1,1,1,1,15,2020-21,Stanley Johnson
,,,,,,,,,,,,,,,,,,,,,,,,,,,,,,,,,,,,,,,,,,,,,,,,,,,,,,,,,,,,,,Tyler Johnson
Last 1 MIN <= 5 PTS,2020-21,8,2,6,0.25,8.463333333333333,4,9,0.444,1,4,0.25,3,4,0.75,1,2,3,1,2,0,0,0,1,2,12,-3,15.1,8,1,1,1,1,1,1,1,1,1,1,1,1,1,1,1,1,1,1,1,1,1,1,1,1,1,1,1,1,1,1,15,2020-21,Nikola Jokic
,,,,,,,,,,,,,,,,,,,,,,,,,,,,,,,,,,,,,,,,,,,,,,,,,,,,,,,,,,,,,,Damian Jones
Last 1 MIN <= 5 PTS,2020-21,3,1,2,0.333,3.1266666666666665,0,1,0.0,0,0,0.0,0,1,0.0,0,0,0,0,0,1,0,1,0,0,0,1,3.0,0,0,1,1,1,1,1,1,1,1,1,1,1,1,1,1,1,1,1,1,1,1,1,1,1,1,1,1,1,1,1,15,2020-21,Tyus Jones
Last 1 MIN <= 5 PTS,2020-21,2,1,1,0.5,2.0283333333333333,0,0,0.0,0,0,0.0,0,0,0.0,0,0,0,0,0,0,0,0,0,0,0,4,0.0,0,0,1,1,1,1,1,1,1,1,1,1,1,1,1,1,1,1,1,1,1,1,1,1,1,1,1,1,1,1,1,15,2020-21,Derrick Jones Jr.
Last 1 MIN <= 5 PTS,2020-21,5,2,3,0.4,1.5,0,0,0.0,0,0,0.0,0,0,0.0,0,0,0,0,1,0,0,0,0,0,0,3,-1.0,1,0,1,1,1,1,1,1,1,1,1,1,1,1,1,1,1,1,1,1,1,1,1,1,1,1,1,1,1,1,1,15,2020-21,DeAndre Jordan
Last 1 MIN <= 5 PTS,2020-21,1,1,0,1.0,1.4333333333333333,0,1,0.0,0,1,0.0,0,0,0.0,0,0,0,0,0,0,0,1,1,1,0,6,0.0,0,0,1,1,1,1,1,1,1,1,1,1,1,1,1,1,1,1,1,1,1,1,1,1,1,1,1,1,1,1,1,15,2020-21,Cory Joseph
,,,,,,,,,,,,,,,,,,,,,,,,,,,,,,,,,,,,,,,,,,,,,,,,,,,,,,,,,,,,,,Mfiondu Kabengele
Last 1 MIN <= 5 PTS,2020-21,1,0,1,0.0,0.47333333333333333,0,0,0.0,0,0,0.0,0,0,0.0,0,0,0,1,0,0,0,0,2,0,0,1,1.5,0,0,1,1,1,1,1,1,1,1,1,1,1,1,1,1,1,1,1,1,1,1,1,1,1,1,1,1,1,1,1,15,2020-21,Frank Kaminsky
Last 1 MIN <= 5 PTS,2020-21,3,1,2,0.333,1.4416666666666667,0,0,0.0,0,0,0.0,0,0,0.0,0,0,0,0,0,0,0,0,2,0,0,-1,0.0,3,0,1,1,1,1,1,1,1,1,1,1,1,1,1,1,1,1,1,1,1,1,1,1,1,1,1,1,1,1,1,15,2020-21,Enes Kanter
Last 1 MIN <= 5 PTS,2020-21,3,0,3,0.0,1.7016666666666667,0,1,0.0,0,1,0.0,0,0,0.0,0,1,1,0,0,0,0,0,1,0,0,-1,1.2,0,0,1,1,1,1,1,1,1,1,1,1,1,1,1,1,1,1,1,1,1,1,1,1,1,1,1,1,1,1,1,15,2020-21,Luke Kennard
,,,,,,,,,,,,,,,,,,,,,,,,,,,,,,,,,,,,,,,,,,,,,,,,,,,,,,,,,,,,,,Stanton Kidd
,,,,,,,,,,,,,,,,,,,,,,,,,,,,,,,,,,,,,,,,,,,,,,,,,,,,,,,,,,,,,,Michael Kidd-Gilchrist
,,,,,,,,,,,,,,,,,,,,,,,,,,,,,,,,,,,,,,,,,,,,,,,,,,,,,,,,,,,,,,Louis King
Last 1 MIN <= 5 PTS,2020-21,4,1,3,0.25,2.4816666666666665,1,1,1.0,1,1,1.0,0,0,0.0,0,0,0,0,0,0,0,0,1,0,3,0,3.0,0,0,1,1,1,1,1,1,1,1,1,1,1,1,1,1,1,1,1,1,1,1,1,1,1,1,1,1,1,1,1,15,2020-21,Maxi Kleber
,,,,,,,,,,,,,,,,,,,,,,,,,,,,,,,,,,,,,,,,,,,,,,,,,,,,,,,,,,,,,,Brandon Knight
Last 1 MIN <= 5 PTS,2020-21,1,0,1,0.0,0.03,0,0,0.0,0,0,0.0,0,0,0.0,0,0,0,0,0,0,0,0,0,0,0,-1,0.0,0,0,1,1,1,1,1,1,1,1,1,1,1,1,1,1,1,1,1,1,1,1,1,1,1,1,1,1,1,1,1,15,2020-21,Kevin Knox II
,,,,,,,,,,,,,,,,,,,,,,,,,,,,,,,,,,,,,,,,,,,,,,,,,,,,,,,,,,,,,,John Konchar
,,,,,,,,,,,,,,,,,,,,,,,,,,,,,,,,,,,,,,,,,,,,,,,,,,,,,,,,,,,,,,Furkan Korkmaz
,,,,,,,,,,,,,,,,,,,,,,,,,,,,,,,,,,,,,,,,,,,,,,,,,,,,,,,,,,,,,,Luke Kornet
,,,,,,,,,,,,,,,,,,,,,,,,,,,,,,,,,,,,,,,,,,,,,,,,,,,,,,,,,,,,,,Kyle Korver
,,,,,,,,,,,,,,,,,,,,,,,,,,,,,,,,,,,,,,,,,,,,,,,,,,,,,,,,,,,,,,Rodions Kurucs
Last 1 MIN <= 5 PTS,2020-21,3,2,1,0.667,0.4816666666666667,1,1,1.0,0,0,0.0,0,0,0.0,1,0,1,0,0,0,0,0,0,0,2,2,3.2,1,0,1,1,1,1,1,1,1,1,1,1,1,1,1,1,1,1,1,1,1,1,1,1,1,1,1,1,1,1,1,15,2020-21,Kyle Kuzma
Last 1 MIN <= 5 PTS,2020-21,10,1,9,0.1,8.206666666666667,4,13,0.308,2,7,0.286,4,4,1.0,0,2,2,0,0,0,0,0,4,2,14,-4,16.4,0,0,1,1,1,1,1,1,1,1,1,1,1,1,1,1,1,1,1,1,1,1,1,1,1,1,1,1,1,1,1,15,2020-21,Zach LaVine
,,,,,,,,,,,,,,,,,,,,,,,,,,,,,,,,,,,,,,,,,,,,,,,,,,,,,,,,,,,,,,Skal Labissiere
Last 1 MIN <= 5 PTS,2020-21,3,1,2,0.333,4.426666666666667,0,1,0.0,0,0,0.0,0,0,0.0,0,0,0,0,0,0,0,1,0,0,0,1,0.0,0,0,1,1,1,1,1,1,1,1,1,1,1,1,1,1,1,1,1,1,1,1,1,1,1,1,1,1,1,1,1,15,2020-21,Jeremy Lamb
,,,,,,,,,,,,,,,,,,,,,,,,,,,,,,,,,,,,,,,,,,,,,,,,,,,,,,,,,,,,,,Romeo Langford
,,,,,,,,,,,,,,,,,,,,,,,,,,,,,,,,,,,,,,,,,,,,,,,,,,,,,,,,,,,,,,Vic Law
Last 1 MIN <= 5 PTS,2020-21,1,0,1,0.0,1.0,0,1,0.0,0,1,0.0,0,0,0.0,0,0,0,0,0,0,0,0,0,0,0,0,0.0,0,0,1,1,1,1,1,1,1,1,1,1,1,1,1,1,1,1,1,1,1,1,1,1,1,1,1,1,1,1,1,15,2020-21,Jake Layman
Last 1 MIN <= 5 PTS,2020-21,3,0,3,0.0,2.118333333333333,0,2,0.0,0,2,0.0,0,0,0.0,0,0,0,1,0,0,0,0,3,0,0,-6,1.5,1,0,1,1,1,1,1,1,1,1,1,1,1,1,1,1,1,1,1,1,1,1,1,1,1,1,1,1,1,1,1,15,2020-21,Caris LeVert
,,,,,,,,,,,,,,,,,,,,,,,,,,,,,,,,,,,,,,,,,,,,,,,,,,,,,,,,,,,,,,TJ Leaf
,,,,,,,,,,,,,,,,,,,,,,,,,,,,,,,,,,,,,,,,,,,,,,,,,,,,,,,,,,,,,,Jalen Lecque
,,,,,,,,,,,,,,,,,,,,,,,,,,,,,,,,,,,,,,,,,,,,,,,,,,,,,,,,,,,,,,Courtney Lee
Last 1 MIN <= 5 PTS,2020-21,5,2,3,0.4,2.5616666666666665,2,2,1.0,1,1,1.0,2,2,1.0,1,0,1,1,0,0,0,0,1,1,7,11,9.7,0,0,1,1,1,1,1,1,1,1,1,1,1,1,1,1,1,1,1,1,1,1,1,1,1,1,1,1,1,1,1,15,2020-21,Damion Lee
,,,,,,,,,,,,,,,,,,,,,,,,,,,,,,,,,,,,,,,,,,,,,,,,,,,,,,,,,,,,,,Alex Len
Last 1 MIN <= 5 PTS,2020-21,5,0,5,0.0,4.825,1,5,0.2,0,2,0.0,2,2,1.0,0,1,1,1,0,0,0,0,1,1,4,-3,6.7,4,0,1,1,1,1,1,1,1,1,1,1,1,1,1,1,1,1,1,1,1,1,1,1,1,1,1,1,1,1,1,15,2020-21,Kawhi Leonard
,,,,,,,,,,,,,,,,,,,,,,,,,,,,,,,,,,,,,,,,,,,,,,,,,,,,,,,,,,,,,,Meyers Leonard
Last 1 MIN <= 5 PTS,2020-21,6,3,3,0.5,5.715,7,10,0.7,3,5,0.6,2,2,1.0,0,2,2,3,0,0,0,0,2,1,19,11,25.9,1,0,1,1,1,1,1,1,1,1,1,1,1,1,1,1,1,1,1,1,1,1,1,1,1,1,1,1,1,1,1,15,2020-21,Damian Lillard
Last 1 MIN <= 5 PTS,2020-21,2,0,2,0.0,0.041666666666666664,0,0,0.0,0,0,0.0,0,0,0.0,0,0,0,0,0,0,0,0,1,0,0,-3,0.0,0,0,1,1,1,1,1,1,1,1,1,1,1,1,1,1,1,1,1,1,1,1,1,1,1,1,1,1,1,1,1,15,2020-21,Nassir Little
Last 1 MIN <= 5 PTS,2020-21,1,1,0,1.0,1.2116666666666667,1,1,1.0,0,0,0.0,0,0,0.0,1,0,1,1,0,0,0,0,0,0,2,3,4.7,0,0,1,1,1,1,1,1,1,1,1,1,1,1,1,1,1,1,1,1,1,1,1,1,1,1,1,1,1,1,1,15,2020-21,Kevon Looney
Last 1 MIN <= 5 PTS,2020-21,4,0,4,0.0,1.1633333333333333,0,0,0.0,0,0,0.0,0,0,0.0,0,0,0,0,1,1,0,0,0,0,0,-1,2.0,0,0,1,1,1,1,1,1,1,1,1,1,1,1,1,1,1,1,1,1,1,1,1,1,1,1,1,1,1,1,1,15,2020-21,Brook Lopez
,,,,,,,,,,,,,,,,,,,,,,,,,,,,,,,,,,,,,,,,,,,,,,,,,,,,,,,,,,,,,,Robin Lopez
Last 1 MIN <= 5 PTS,2020-21,1,1,0,1.0,2.21,0,0,0.0,0,0,0.0,0,0,0.0,0,1,1,0,0,0,0,0,0,0,0,4,1.2,0,0,1,1,1,1,1,1,1,1,1,1,1,1,1,1,1,1,1,1,1,1,1,1,1,1,1,1,1,1,1,15,2020-21,Kevin Love
Last 1 MIN <= 5 PTS,2020-21,8,1,7,0.125,4.841666666666667,2,4,0.5,0,1,0.0,0,0,0.0,0,1,1,1,1,0,0,0,2,0,4,-12,5.7,1,0,1,1,1,1,1,1,1,1,1,1,1,1,1,1,1,1,1,1,1,1,1,1,1,1,1,1,1,1,1,15,2020-21,Kyle Lowry
Last 1 MIN <= 5 PTS,2020-21,5,0,5,0.0,4.011666666666667,3,4,0.75,1,1,1.0,0,0,0.0,1,0,1,0,1,1,0,0,2,0,7,-3,10.2,0,0,1,1,1,1,1,1,1,1,1,1,1,1,1,1,1,1,1,1,1,1,1,1,1,1,1,1,1,1,1,15,2020-21,Timothe Luwawu-Cabarrot
Last 1 MIN <= 5 PTS,2020-21,1,0,1,0.0,0.5083333333333333,0,0,0.0,0,0,0.0,0,0,0.0,0,0,0,0,0,0,0,0,0,0,0,-1,0.0,0,0,1,1,1,1,1,1,1,1,1,1,1,1,1,1,1,1,1,1,1,1,1,1,1,1,1,1,1,1,1,15,2020-21,Trey Lyles
,,,,,,,,,,,,,,,,,,,,,,,,,,,,,,,,,,,,,,,,,,,,,,,,,,,,,,,,,,,,,,Daryl Macon
,,,,,,,,,,,,,,,,,,,,,,,,,,,,,,,,,,,,,,,,,,,,,,,,,,,,,,,,,,,,,,Josh Magette
,,,,,,,,,,,,,,,,,,,,,,,,,,,,,,,,,,,,,,,,,,,,,,,,,,,,,,,,,,,,,,Ian Mahinmi
,,,,,,,,,,,,,,,,,,,,,,,,,,,,,,,,,,,,,,,,,,,,,,,,,,,,,,,,,,,,,,Thon Maker
Last 1 MIN <= 5 PTS,2020-21,1,0,1,0.0,0.043333333333333335,0,0,0.0,0,0,0.0,0,0,0.0,0,0,0,0,0,0,0,0,0,0,0,-2,0.0,0,0,1,1,1,1,1,1,1,1,1,1,1,1,1,1,1,1,1,1,1,1,1,1,1,1,1,1,1,1,1,15,2020-21,Terance Mann
Last 1 MIN <= 5 PTS,2020-21,1,0,1,0.0,0.0,0,0,0.0,0,0,0.0,0,0,0.0,0,0,0,0,0,0,0,0,0,0,0,0,0.0,0,0,1,1,1,1,1,1,1,1,1,1,1,1,1,1,1,1,1,1,1,1,1,1,1,1,1,1,1,1,1,15,2020-21,Boban Marjanovic
Last 1 MIN <= 5 PTS,2020-21,4,1,3,0.25,2.94,0,0,0.0,0,0,0.0,0,0,0.0,0,1,1,0,0,0,0,0,0,0,0,3,1.2,0,0,1,1,1,1,1,1,1,1,1,1,1,1,1,1,1,1,1,1,1,1,1,1,1,1,1,1,1,1,1,15,2020-21,Lauri Markkanen
Last 1 MIN <= 5 PTS,2020-21,1,1,0,1.0,0.6383333333333333,0,0,0.0,0,0,0.0,0,0,0.0,0,0,0,0,0,0,0,0,0,0,0,0,0.0,0,0,1,1,1,1,1,1,1,1,1,1,1,1,1,1,1,1,1,1,1,1,1,1,1,1,1,1,1,1,1,15,2020-21,Caleb Martin
Last 1 MIN <= 5 PTS,2020-21,2,0,2,0.0,0.175,0,0,0.0,0,0,0.0,0,0,0.0,0,0,0,0,0,0,0,0,0,0,0,-5,0.0,0,0,1,1,1,1,1,1,1,1,1,1,1,1,1,1,1,1,1,1,1,1,1,1,1,1,1,1,1,1,1,15,2020-21,Cody Martin
,,,,,,,,,,,,,,,,,,,,,,,,,,,,,,,,,,,,,,,,,,,,,,,,,,,,,,,,,,,,,,Jeremiah Martin
,,,,,,,,,,,,,,,,,,,,,,,,,,,,,,,,,,,,,,,,,,,,,,,,,,,,,,,,,,,,,,Kelan Martin
,,,,,,,,,,,,,,,,,,,,,,,,,,,,,,,,,,,,,,,,,,,,,,,,,,,,,,,,,,,,,,Frank Mason
Last 1 MIN <= 5 PTS,2020-21,2,1,1,0.5,1.3983333333333334,0,0,0.0,0,0,0.0,0,0,0.0,0,0,0,1,0,1,0,0,0,0,0,2,4.5,0,0,1,1,1,1,1,1,1,1,1,1,1,1,1,1,1,1,1,1,1,1,1,1,1,1,1,1,1,1,1,15,2020-21,Garrison Mathews
Last 1 MIN <= 5 PTS,2020-21,2,2,0,1.0,1.0616666666666668,0,0,0.0,0,0,0.0,0,0,0.0,0,0,0,1,0,0,0,0,0,0,0,4,1.5,0,0,1,1,1,1,1,1,1,1,1,1,1,1,1,1,1,1,1,1,1,1,1,1,1,1,1,1,1,1,1,15,2020-21,Wesley Matthews
,,,,,,,,,,,,,,,,,,,,,,,,,,,,,,,,,,,,,,,,,,,,,,,,,,,,,,,,,,,,,,Patrick McCaw
Last 1 MIN <= 5 PTS,2020-21,3,2,1,0.667,3.0433333333333334,2,2,1.0,1,1,1.0,0,0,0.0,0,0,0,0,0,0,0,0,1,0,5,9,5.0,0,0,1,1,1,1,1,1,1,1,1,1,1,1,1,1,1,1,1,1,1,1,1,1,1,1,1,1,1,1,1,15,2020-21,CJ McCollum
Last 1 MIN <= 5 PTS,2020-21,5,1,4,0.2,2.973333333333333,0,0,0.0,0,0,0.0,1,2,0.5,0,1,1,2,0,0,0,0,0,1,1,1,5.2,0,0,1,1,1,1,1,1,1,1,1,1,1,1,1,1,1,1,1,1,1,1,1,1,1,1,1,1,1,1,1,15,2020-21,T.J. McConnell
,,,,,,,,,,,,,,,,,,,,,,,,,,,,,,,,,,,,,,,,,,,,,,,,,,,,,,,,,,,,,,Jalen McDaniels
Last 1 MIN <= 5 PTS,2020-21,9,3,6,0.333,5.266666666666667,0,0,0.0,0,0,0.0,0,0,0.0,0,1,1,1,0,0,0,0,2,0,0,4,2.7,0,0,1,1,1,1,1,1,1,1,1,1,1,1,1,1,1,1,1,1,1,1,1,1,1,1,1,1,1,1,1,15,2020-21,Doug McDermott
,,,,,,,,,,,,,,,,,,,,,,,,,,,,,,,,,,,,,,,,,,,,,,,,,,,,,,,,,,,,,,JaVale McGee
,,,,,,,,,,,,,,,,,,,,,,,,,,,,,,,,,,,,,,,,,,,,,,,,,,,,,,,,,,,,,,Rodney McGruder
,,,,,,,,,,,,,,,,,,,,,,,,,,,,,,,,,,,,,,,,,,,,,,,,,,,,,,,,,,,,,,Alfonzo McKinnie
Last 1 MIN <= 5 PTS,2020-21,1,0,1,0.0,0.0,0,0,0.0,0,0,0.0,0,0,0.0,0,0,0,0,0,0,0,0,0,0,0,0,0.0,0,0,1,1,1,1,1,1,1,1,1,1,1,1,1,1,1,1,1,1,1,1,1,1,1,1,1,1,1,1,1,15,2020-21,Jordan McLaughlin
Last 1 MIN <= 5 PTS,2020-21,1,0,1,0.0,0.025,0,0,0.0,0,0,0.0,0,0,0.0,0,0,0,0,0,0,0,0,0,0,0,0,0.0,0,0,1,1,1,1,1,1,1,1,1,1,1,1,1,1,1,1,1,1,1,1,1,1,1,1,1,1,1,1,1,15,2020-21,Ben McLemore
,,,,,,,,,,,,,,,,,,,,,,,,,,,,,,,,,,,,,,,,,,,,,,,,,,,,,,,,,,,,,,Jordan McRae
,,,,,,,,,,,,,,,,,,,,,,,,,,,,,,,,,,,,,,,,,,,,,,,,,,,,,,,,,,,,,,Nicolo Melli
Last 1 MIN <= 5 PTS,2020-21,1,0,1,0.0,0.085,0,0,0.0,0,0,0.0,0,0,0.0,0,0,0,0,0,0,0,0,1,0,0,-1,0.0,0,0,1,1,1,1,1,1,1,1,1,1,1,1,1,1,1,1,1,1,1,1,1,1,1,1,1,1,1,1,1,15,2020-21,De'Anthony Melton
,,,,,,,,,,,,,,,,,,,,,,,,,,,,,,,,,,,,,,,,,,,,,,,,,,,,,,,,,,,,,,Chimezie Metu
Last 1 MIN <= 5 PTS,2020-21,4,0,4,0.0,1.1633333333333333,1,3,0.333,0,2,0.0,0,0,0.0,0,0,0,0,0,0,0,0,1,0,2,-1,2.0,1,0,1,1,1,1,1,1,1,1,1,1,1,1,1,1,1,1,1,1,1,1,1,1,1,1,1,1,1,1,1,15,2020-21,Khris Middleton
,,,,,,,,,,,,,,,,,,,,,,,,,,,,,,,,,,,,,,,,,,,,,,,,,,,,,,,,,,,,,,CJ Miles
,,,,,,,,,,,,,,,,,,,,,,,,,,,,,,,,,,,,,,,,,,,,,,,,,,,,,,,,,,,,,,Darius Miller
,,,,,,,,,,,,,,,,,,,,,,,,,,,,,,,,,,,,,,,,,,,,,,,,,,,,,,,,,,,,,,Malcolm Miller
Last 1 MIN <= 5 PTS,2020-21,7,3,4,0.429,4.41,0,3,0.0,0,3,0.0,1,1,1.0,0,0,0,0,0,0,0,0,1,1,1,-1,1.0,0,0,1,1,1,1,1,1,1,1,1,1,1,1,1,1,1,1,1,1,1,1,1,1,1,1,1,1,1,1,1,15,2020-21,Patty Mills
Last 1 MIN <= 5 PTS,2020-21,2,0,2,0.0,1.4183333333333332,0,0,0.0,0,0,0.0,0,0,0.0,0,0,0,0,0,0,0,0,0,0,0,3,0.0,0,0,1,1,1,1,1,1,1,1,1,1,1,1,1,1,1,1,1,1,1,1,1,1,1,1,1,1,1,1,1,15,2020-21,Paul Millsap
Last 1 MIN <= 5 PTS,2020-21,1,0,1,0.0,1.0,0,0,0.0,0,0,0.0,0,0,0.0,0,0,0,0,0,0,0,0,0,0,0,-1,0.0,0,0,1,1,1,1,1,1,1,1,1,1,1,1,1,1,1,1,1,1,1,1,1,1,1,1,1,1,1,1,1,15,2020-21,Shake Milton
Last 1 MIN <= 5 PTS,2020-21,2,1,1,0.5,1.8533333333333333,1,4,0.25,0,2,0.0,0,0,0.0,0,1,1,0,0,1,0,0,1,0,2,1,6.2,0,0,1,1,1,1,1,1,1,1,1,1,1,1,1,1,1,1,1,1,1,1,1,1,1,1,1,1,1,1,1,15,2020-21,Donovan Mitchell
,,,,,,,,,,,,,,,,,,,,,,,,,,,,,,,,,,,,,,,,,,,,,,,,,,,,,,,,,,,,,,Naz Mitrou-Long
,,,,,,,,,,,,,,,,,,,,,,,,,,,,,,,,,,,,,,,,,,,,,,,,,,,,,,,,,,,,,,Adam Mokoka
Last 1 MIN <= 5 PTS,2020-21,2,1,1,0.5,0.49666666666666665,1,1,1.0,1,1,1.0,0,0,0.0,0,0,0,0,0,0,0,0,0,0,3,4,3.0,0,0,1,1,1,1,1,1,1,1,1,1,1,1,1,1,1,1,1,1,1,1,1,1,1,1,1,1,1,1,1,15,2020-21,Malik Monk
,,,,,,,,,,,,,,,,,,,,,,,,,,,,,,,,,,,,,,,,,,,,,,,,,,,,,,,,,,,,,,Matt Mooney
,,,,,,,,,,,,,,,,,,,,,,,,,,,,,,,,,,,,,,,,,,,,,,,,,,,,,,,,,,,,,,E'Twaun Moore
,,,,,,,,,,,,,,,,,,,,,,,,,,,,,,,,,,,,,,,,,,,,,,,,,,,,,,,,,,,,,,Ja Morant
,,,,,,,,,,,,,,,,,,,,,,,,,,,,,,,,,,,,,,,,,,,,,,,,,,,,,,,,,,,,,,Juwan Morgan
,,,,,,,,,,,,,,,,,,,,,,,,,,,,,,,,,,,,,,,,,,,,,,,,,,,,,,,,,,,,,,Markieff Morris
Last 1 MIN <= 5 PTS,2020-21,6,2,4,0.333,6.451666666666667,0,1,0.0,0,0,0.0,0,0,0.0,1,1,2,0,0,0,0,0,2,0,0,-5,2.4,0,0,1,1,1,1,1,1,1,1,1,1,1,1,1,1,1,1,1,1,1,1,1,1,1,1,1,1,1,1,1,15,2020-21,Monte Morris
Last 1 MIN <= 5 PTS,2020-21,3,0,3,0.0,3.23,0,0,0.0,0,0,0.0,1,1,1.0,0,0,0,0,0,0,0,0,1,2,1,-1,1.0,0,0,1,1,1,1,1,1,1,1,1,1,1,1,1,1,1,1,1,1,1,1,1,1,1,1,1,1,1,1,1,15,2020-21,Marcus Morris Sr.
,,,,,,,,,,,,,,,,,,,,,,,,,,,,,,,,,,,,,,,,,,,,,,,,,,,,,,,,,,,,,,Johnathan Motley
,,,,,,,,,,,,,,,,,,,,,,,,,,,,,,,,,,,,,,,,,,,,,,,,,,,,,,,,,,,,,,Emmanuel Mudiay
Last 1 MIN <= 5 PTS,2020-21,7,3,4,0.429,4.956666666666667,0,1,0.0,0,0,0.0,0,0,0.0,0,2,2,0,0,1,0,0,1,0,0,5,5.4,3,1,1,1,1,1,1,1,1,1,1,1,1,1,1,1,1,1,1,1,1,1,1,1,1,1,1,1,1,1,1,15,2020-21,Dejounte Murray
Last 1 MIN <= 5 PTS,2020-21,6,2,4,0.333,6.543333333333333,2,8,0.25,2,6,0.333,0,0,0.0,0,0,0,2,0,0,0,0,0,0,6,-2,9.0,0,0,1,1,1,1,1,1,1,1,1,1,1,1,1,1,1,1,1,1,1,1,1,1,1,1,1,1,1,1,1,15,2020-21,Jamal Murray
,,,,,,,,,,,,,,,,,,,,,,,,,,,,,,,,,,,,,,,,,,,,,,,,,,,,,,,,,,,,,,Dzanan Musa
Last 1 MIN <= 5 PTS,2020-21,1,1,0,1.0,1.06,0,0,0.0,0,0,0.0,0,0,0.0,0,0,0,0,0,0,0,0,0,0,0,5,0.0,0,0,1,1,1,1,1,1,1,1,1,1,1,1,1,1,1,1,1,1,1,1,1,1,1,1,1,1,1,1,1,15,2020-21,Mike Muscala
Last 1 MIN <= 5 PTS,2020-21,7,0,7,0.0,2.575,0,0,0.0,0,0,0.0,0,0,0.0,0,0,0,0,0,0,0,0,1,0,0,2,0.0,0,0,1,1,1,1,1,1,1,1,1,1,1,1,1,1,1,1,1,1,1,1,1,1,1,1,1,1,1,1,1,15,2020-21,Svi Mykhailiuk
Last 1 MIN <= 5 PTS,2020-21,1,0,1,0.0,0.47333333333333333,0,0,0.0,0,0,0.0,1,3,0.333,0,0,0,0,0,0,0,0,0,1,1,1,1.0,0,0,1,1,1,1,1,1,1,1,1,1,1,1,1,1,1,1,1,1,1,1,1,1,1,1,1,1,1,1,1,15,2020-21,Abdel Nader
Last 1 MIN <= 5 PTS,2020-21,4,3,1,0.75,2.755,1,2,0.5,1,2,0.5,0,0,0.0,0,0,0,0,0,0,0,0,1,0,3,4,3.0,0,0,1,1,1,1,1,1,1,1,1,1,1,1,1,1,1,1,1,1,1,1,1,1,1,1,1,1,1,1,1,15,2020-21,Larry Nance Jr.
,,,,,,,,,,,,,,,,,,,,,,,,,,,,,,,,,,,,,,,,,,,,,,,,,,,,,,,,,,,,,,Shabazz Napier
,,,,,,,,,,,,,,,,,,,,,,,,,,,,,,,,,,,,,,,,,,,,,,,,,,,,,,,,,,,,,,Nene
Last 1 MIN <= 5 PTS,2020-21,3,0,3,0.0,1.315,0,0,0.0,0,0,0.0,0,0,0.0,0,0,0,0,0,0,0,0,0,0,0,-5,0.0,0,0,1,1,1,1,1,1,1,1,1,1,1,1,1,1,1,1,1,1,1,1,1,1,1,1,1,1,1,1,1,15,2020-21,Raul Neto
,,,,,,,,,,,,,,,,,,,,,,,,,,,,,,,,,,,,,,,,,,,,,,,,,,,,,,,,,,,,,,Georges Niang
Last 1 MIN <= 5 PTS,2020-21,1,0,1,0.0,0.7033333333333334,0,0,0.0,0,0,0.0,0,0,0.0,0,0,0,0,0,0,0,0,0,0,0,-3,0.0,0,0,1,1,1,1,1,1,1,1,1,1,1,1,1,1,1,1,1,1,1,1,1,1,1,1,1,1,1,1,1,15,2020-21,Nerlens Noel
,,,,,,,,,,,,,,,,,,,,,,,,,,,,,,,,,,,,,,,,,,,,,,,,,,,,,,,,,,,,,,Zach Norvell Jr.
Last 1 MIN <= 5 PTS,2020-21,1,0,1,0.0,0.3333333333333333,0,0,0.0,0,0,0.0,0,0,0.0,0,0,0,0,0,0,0,0,0,0,0,0,0.0,0,0,1,1,1,1,1,1,1,1,1,1,1,1,1,1,1,1,1,1,1,1,1,1,1,1,1,1,1,1,1,15,2020-21,Jaylen Nowell
,,,,,,,,,,,,,,,,,,,,,,,,,,,,,,,,,,,,,,,,,,,,,,,,,,,,,,,,,,,,,,Frank Ntilikina
Last 1 MIN <= 5 PTS,2020-21,2,0,2,0.0,0.7733333333333333,0,1,0.0,0,1,0.0,0,0,0.0,1,0,1,1,0,0,0,0,1,0,0,-1,2.7,0,0,1,1,1,1,1,1,1,1,1,1,1,1,1,1,1,1,1,1,1,1,1,1,1,1,1,1,1,1,1,15,2020-21,Kendrick Nunn
Last 1 MIN <= 5 PTS,2020-21,2,1,1,0.5,2.131666666666667,0,0,0.0,0,0,0.0,0,2,0.0,0,0,0,0,0,0,0,0,0,1,0,6,0.0,2,0,1,1,1,1,1,1,1,1,1,1,1,1,1,1,1,1,1,1,1,1,1,1,1,1,1,1,1,1,1,15,2020-21,Jusuf Nurkic
Last 1 MIN <= 5 PTS,2020-21,3,0,3,0.0,1.3616666666666666,0,1,0.0,0,0,0.0,0,0,0.0,0,0,0,0,0,0,0,1,1,0,0,-5,0.0,0,0,1,1,1,1,1,1,1,1,1,1,1,1,1,1,1,1,1,1,1,1,1,1,1,1,1,1,1,1,1,15,2020-21,David Nwaba
Last 1 MIN <= 5 PTS,2020-21,2,1,1,0.5,1.7983333333333333,0,0,0.0,0,0,0.0,0,0,0.0,0,0,0,0,0,0,0,0,0,0,0,0,0.0,0,0,1,1,1,1,1,1,1,1,1,1,1,1,1,1,1,1,1,1,1,1,1,1,1,1,1,1,1,1,1,15,2020-21,Royce O'Neale
,,,,,,,,,,,,,,,,,,,,,,,,,,,,,,,,,,,,,,,,,,,,,,,,,,,,,,,,,,,,,,Kyle O'Quinn
Last 1 MIN <= 5 PTS,2020-21,2,1,1,0.5,1.2866666666666666,0,0,0.0,0,0,0.0,0,0,0.0,0,0,0,0,0,0,0,0,0,0,0,4,0.0,0,0,1,1,1,1,1,1,1,1,1,1,1,1,1,1,1,1,1,1,1,1,1,1,1,1,1,1,1,1,1,15,2020-21,Semi Ojeleye
,,,,,,,,,,,,,,,,,,,,,,,,,,,,,,,,,,,,,,,,,,,,,,,,,,,,,,,,,,,,,,Jahlil Okafor
,,,,,,,,,,,,,,,,,,,,,,,,,,,,,,,,,,,,,,,,,,,,,,,,,,,,,,,,,,,,,,Elie Okobo
Last 1 MIN <= 5 PTS,2020-21,2,0,2,0.0,0.5566666666666666,0,0,0.0,0,0,0.0,0,0,0.0,0,0,0,0,0,0,0,0,1,0,0,-1,0.0,0,0,1,1,1,1,1,1,1,1,1,1,1,1,1,1,1,1,1,1,1,1,1,1,1,1,1,1,1,1,1,15,2020-21,Josh Okogie
Last 1 MIN <= 5 PTS,2020-21,1,0,1,0.0,0.12333333333333334,0,0,0.0,0,0,0.0,0,0,0.0,0,0,0,0,0,0,0,0,1,0,0,1,0.0,0,0,1,1,1,1,1,1,1,1,1,1,1,1,1,1,1,1,1,1,1,1,1,1,1,1,1,1,1,1,1,15,2020-21,KZ Okpala
Last 1 MIN <= 5 PTS,2020-21,7,1,6,0.143,5.13,0,1,0.0,0,1,0.0,1,1,1.0,0,0,0,0,0,1,0,0,2,0,1,-12,4.0,0,0,1,1,1,1,1,1,1,1,1,1,1,1,1,1,1,1,1,1,1,1,1,1,1,1,1,1,1,1,1,15,2020-21,Victor Oladipo
Last 1 MIN <= 5 PTS,2020-21,4,0,4,0.0,2.13,0,1,0.0,0,1,0.0,0,0,0.0,0,1,1,0,0,1,0,0,1,0,0,-1,4.2,0,0,1,1,1,1,1,1,1,1,1,1,1,1,1,1,1,1,1,1,1,1,1,1,1,1,1,1,1,1,1,15,2020-21,Kelly Olynyk
,,,,,,,,,,,,,,,,,,,,,,,,,,,,,,,,,,,,,,,,,,,,,,,,,,,,,,,,,,,,,,Miye Oni
Last 1 MIN <= 5 PTS,2020-21,2,2,0,1.0,2.2333333333333334,1,2,0.5,0,1,0.0,0,0,0.0,0,0,0,0,0,0,0,0,1,0,2,3,2.0,0,0,1,1,1,1,1,1,1,1,1,1,1,1,1,1,1,1,1,1,1,1,1,1,1,1,1,1,1,1,1,15,2020-21,Cedi Osman
Last 1 MIN <= 5 PTS,2020-21,2,1,1,0.5,2.395,0,0,0.0,0,0,0.0,0,0,0.0,0,1,1,0,0,0,0,0,0,0,0,1,1.2,0,0,1,1,1,1,1,1,1,1,1,1,1,1,1,1,1,1,1,1,1,1,1,1,1,1,1,1,1,1,1,15,2020-21,Kelly Oubre Jr.
,,,,,,,,,,,,,,,,,,,,,,,,,,,,,,,,,,,,,,,,,,,,,,,,,,,,,,,,,,,,,,Tariq Owens
,,,,,,,,,,,,,,,,,,,,,,,,,,,,,,,,,,,,,,,,,,,,,,,,,,,,,,,,,,,,,,Jabari Parker
,,,,,,,,,,,,,,,,,,,,,,,,,,,,,,,,,,,,,,,,,,,,,,,,,,,,,,,,,,,,,,Chandler Parsons
,,,,,,,,,,,,,,,,,,,,,,,,,,,,,,,,,,,,,,,,,,,,,,,,,,,,,,,,,,,,,,Eric Paschall
,,,,,,,,,,,,,,,,,,,,,,,,,,,,,,,,,,,,,,,,,,,,,,,,,,,,,,,,,,,,,,Anzejs Pasecniks
,,,,,,,,,,,,,,,,,,,,,,,,,,,,,,,,,,,,,,,,,,,,,,,,,,,,,,,,,,,,,,Patrick Patterson
,,,,,,,,,,,,,,,,,,,,,,,,,,,,,,,,,,,,,,,,,,,,,,,,,,,,,,,,,,,,,,Justin Patton
Last 1 MIN <= 5 PTS,2020-21,8,1,7,0.125,9.27,1,6,0.167,1,3,0.333,0,0,0.0,0,1,1,2,3,1,0,0,9,0,3,-14,7.2,3,0,1,1,1,1,1,1,1,1,1,1,1,1,1,1,1,1,1,1,1,1,1,1,1,1,1,1,1,1,1,15,2020-21,Chris Paul
Last 1 MIN <= 5 PTS,2020-21,1,1,0,1.0,0.10333333333333333,0,0,0.0,0,0,0.0,0,0,0.0,0,0,0,0,0,0,0,0,0,0,0,2,0.0,0,0,1,1,1,1,1,1,1,1,1,1,1,1,1,1,1,1,1,1,1,1,1,1,1,1,1,1,1,1,1,15,2020-21,Elfrid Payton
,,,,,,,,,,,,,,,,,,,,,,,,,,,,,,,,,,,,,,,,,,,,,,,,,,,,,,,,,,,,,,Gary Payton II
,,,,,,,,,,,,,,,,,,,,,,,,,,,,,,,,,,,,,,,,,,,,,,,,,,,,,,,,,,,,,,Norvel Pelle
,,,,,,,,,,,,,,,,,,,,,,,,,,,,,,,,,,,,,,,,,,,,,,,,,,,,,,,,,,,,,,Theo Pinson
Last 1 MIN <= 5 PTS,2020-21,8,1,7,0.125,7.201666666666667,1,1,1.0,0,0,0.0,2,2,1.0,0,2,2,0,1,1,1,0,2,1,4,-4,11.4,0,0,1,1,1,1,1,1,1,1,1,1,1,1,1,1,1,1,1,1,1,1,1,1,1,1,1,1,1,1,1,15,2020-21,Mason Plumlee
Last 1 MIN <= 5 PTS,2020-21,2,1,1,0.5,0.455,0,0,0.0,0,0,0.0,0,0,0.0,0,0,0,0,0,0,0,0,0,0,0,1,0.0,0,0,1,1,1,1,1,1,1,1,1,1,1,1,1,1,1,1,1,1,1,1,1,1,1,1,1,1,1,1,1,15,2020-21,Jakob Poeltl
,,,,,,,,,,,,,,,,,,,,,,,,,,,,,,,,,,,,,,,,,,,,,,,,,,,,,,,,,,,,,,Vincent Poirier
,,,,,,,,,,,,,,,,,,,,,,,,,,,,,,,,,,,,,,,,,,,,,,,,,,,,,,,,,,,,,,Shamorie Ponds
,,,,,,,,,,,,,,,,,,,,,,,,,,,,,,,,,,,,,,,,,,,,,,,,,,,,,,,,,,,,,,Jordan Poole
,,,,,,,,,,,,,,,,,,,,,,,,,,,,,,,,,,,,,,,,,,,,,,,,,,,,,,,,,,,,,,Kevin Porter Jr.
Last 1 MIN <= 5 PTS,2020-21,3,1,2,0.333,3.36,1,1,1.0,0,0,0.0,0,0,0.0,1,0,1,0,0,0,0,0,1,0,2,0,3.2,1,0,1,1,1,1,1,1,1,1,1,1,1,1,1,1,1,1,1,1,1,1,1,1,1,1,1,1,1,1,1,15,2020-21,Michael Porter Jr.
Last 1 MIN <= 5 PTS,2020-21,3,0,3,0.0,2.4583333333333335,0,1,0.0,0,1,0.0,0,0,0.0,0,0,0,2,0,0,0,0,0,0,0,-5,3.0,0,0,1,1,1,1,1,1,1,1,1,1,1,1,1,1,1,1,1,1,1,1,1,1,1,1,1,1,1,1,1,15,2020-21,Otto Porter Jr.
,,,,,,,,,,,,,,,,,,,,,,,,,,,,,,,,,,,,,,,,,,,,,,,,,,,,,,,,,,,,,,Bobby Portis
Last 1 MIN <= 5 PTS,2020-21,3,0,3,0.0,1.4783333333333333,0,1,0.0,0,1,0.0,0,0,0.0,0,0,0,0,0,0,0,0,0,0,0,-2,0.0,2,0,1,1,1,1,1,1,1,1,1,1,1,1,1,1,1,1,1,1,1,1,1,1,1,1,1,1,1,1,1,15,2020-21,Kristaps Porzingis
,,,,,,,,,,,,,,,,,,,,,,,,,,,,,,,,,,,,,,,,,,,,,,,,,,,,,,,,,,,,,,Dwight Powell
Last 1 MIN <= 5 PTS,2020-21,4,1,3,0.25,2.3866666666666667,0,1,0.0,0,1,0.0,0,0,0.0,0,0,0,0,0,0,0,0,1,0,0,-6,0.0,0,0,1,1,1,1,1,1,1,1,1,1,1,1,1,1,1,1,1,1,1,1,1,1,1,1,1,1,1,1,1,15,2020-21,Norman Powell
Last 1 MIN <= 5 PTS,2020-21,2,1,1,0.5,1.4266666666666667,0,1,0.0,0,1,0.0,0,0,0.0,0,1,1,1,0,0,0,0,0,0,0,-1,2.7,0,0,1,1,1,1,1,1,1,1,1,1,1,1,1,1,1,1,1,1,1,1,1,1,1,1,1,1,1,1,1,15,2020-21,Taurean Prince
Last 1 MIN <= 5 PTS,2020-21,7,1,6,0.143,4.168333333333333,2,4,0.5,0,0,0.0,0,1,0.0,0,1,1,1,1,0,0,1,5,1,4,-8,5.7,3,0,1,1,1,1,1,1,1,1,1,1,1,1,1,1,1,1,1,1,1,1,1,1,1,1,1,1,1,1,1,15,2020-21,Julius Randle
,,,,,,,,,,,,,,,,,,,,,,,,,,,,,,,,,,,,,,,,,,,,,,,,,,,,,,,,,,,,,,Josh Reaves
Last 1 MIN <= 5 PTS,2020-21,5,0,5,0.0,4.808333333333334,2,4,0.5,0,2,0.0,0,0,0.0,0,0,0,0,0,0,0,0,2,0,4,-11,4.0,0,0,1,1,1,1,1,1,1,1,1,1,1,1,1,1,1,1,1,1,1,1,1,1,1,1,1,1,1,1,1,15,2020-21,Cam Reddish
Last 1 MIN <= 5 PTS,2020-21,2,0,2,0.0,0.2916666666666667,0,0,0.0,0,0,0.0,0,0,0.0,0,0,0,0,0,0,0,0,0,0,0,0,0.0,0,0,1,1,1,1,1,1,1,1,1,1,1,1,1,1,1,1,1,1,1,1,1,1,1,1,1,1,1,1,1,15,2020-21,JJ Redick
Last 1 MIN <= 5 PTS,2020-21,4,1,3,0.25,3.058333333333333,1,2,0.5,0,0,0.0,0,0,0.0,1,1,2,0,0,0,0,0,0,0,2,4,4.4,0,0,1,1,1,1,1,1,1,1,1,1,1,1,1,1,1,1,1,1,1,1,1,1,1,1,1,1,1,1,1,15,2020-21,Naz Reid
,,,,,,,,,,,,,,,,,,,,,,,,,,,,,,,,,,,,,,,,,,,,,,,,,,,,,,,,,,,,,,Cameron Reynolds
Last 1 MIN <= 5 PTS,2020-21,5,1,4,0.2,2.63,0,1,0.0,0,1,0.0,1,1,1.0,0,0,0,0,0,0,0,0,2,1,1,-3,1.0,0,0,1,1,1,1,1,1,1,1,1,1,1,1,1,1,1,1,1,1,1,1,1,1,1,1,1,1,1,1,1,15,2020-21,Josh Richardson
Last 1 MIN <= 5 PTS,2020-21,2,0,2,0.0,0.995,0,0,0.0,0,0,0.0,0,0,0.0,0,0,0,0,0,0,0,0,1,0,0,-5,0.0,0,0,1,1,1,1,1,1,1,1,1,1,1,1,1,1,1,1,1,1,1,1,1,1,1,1,1,1,1,1,1,15,2020-21,Austin Rivers
,,,,,,,,,,,,,,,,,,,,,,,,,,,,,,,,,,,,,,,,,,,,,,,,,,,,,,,,,,,,,,Andre Roberson
Last 1 MIN <= 5 PTS,2020-21,6,1,5,0.167,2.575,0,0,0.0,0,0,0.0,6,7,0.857,0,0,0,0,0,0,0,0,1,3,6,4,6.0,0,0,1,1,1,1,1,1,1,1,1,1,1,1,1,1,1,1,1,1,1,1,1,1,1,1,1,1,1,1,1,15,2020-21,Duncan Robinson
,,,,,,,,,,,,,,,,,,,,,,,,,,,,,,,,,,,,,,,,,,,,,,,,,,,,,,,,,,,,,,Jerome Robinson
,,,,,,,,,,,,,,,,,,,,,,,,,,,,,,,,,,,,,,,,,,,,,,,,,,,,,,,,,,,,,,Justin Robinson
Last 1 MIN <= 5 PTS,2020-21,6,1,5,0.167,3.638333333333333,1,1,1.0,0,0,0.0,0,0,0.0,0,0,0,0,0,0,0,0,1,0,2,-3,2.0,1,0,1,1,1,1,1,1,1,1,1,1,1,1,1,1,1,1,1,1,1,1,1,1,1,1,1,1,1,1,1,15,2020-21,Mitchell Robinson
,,,,,,,,,,,,,,,,,,,,,,,,,,,,,,,,,,,,,,,,,,,,,,,,,,,,,,,,,,,,,,Glenn Robinson III
,,,,,,,,,,,,,,,,,,,,,,,,,,,,,,,,,,,,,,,,,,,,,,,,,,,,,,,,,,,,,,Isaiah Roby
Last 1 MIN <= 5 PTS,2020-21,1,0,1,0.0,0.013333333333333334,0,0,0.0,0,0,0.0,0,0,0.0,0,0,0,0,0,0,0,0,0,0,0,0,0.0,0,0,1,1,1,1,1,1,1,1,1,1,1,1,1,1,1,1,1,1,1,1,1,1,1,1,1,1,1,1,1,15,2020-21,Rajon Rondo
Last 1 MIN <= 5 PTS,2020-21,4,0,4,0.0,2.57,0,1,0.0,0,0,0.0,1,2,0.5,0,0,0,0,1,0,0,1,0,0,1,0,0.0,0,0,1,1,1,1,1,1,1,1,1,1,1,1,1,1,1,1,1,1,1,1,1,1,1,1,1,1,1,1,1,15,2020-21,Derrick Rose
Last 1 MIN <= 5 PTS,2020-21,6,1,5,0.167,2.986666666666667,2,2,1.0,1,1,1.0,0,0,0.0,0,0,0,0,0,0,0,0,0,0,5,-2,5.0,0,0,1,1,1,1,1,1,1,1,1,1,1,1,1,1,1,1,1,1,1,1,1,1,1,1,1,1,1,1,1,15,2020-21,Terrence Ross
Last 1 MIN <= 5 PTS,2020-21,5,1,4,0.2,2.7816666666666667,1,3,0.333,1,3,0.333,0,0,0.0,0,0,0,0,0,0,0,0,4,0,3,1,3.0,0,0,1,1,1,1,1,1,1,1,1,1,1,1,1,1,1,1,1,1,1,1,1,1,1,1,1,1,1,1,1,15,2020-21,Terry Rozier
Last 1 MIN <= 5 PTS,2020-21,6,1,5,0.167,5.156666666666666,0,0,0.0,0,0,0.0,0,0,0.0,0,0,0,0,1,1,0,0,0,0,0,4,2.0,0,0,1,1,1,1,1,1,1,1,1,1,1,1,1,1,1,1,1,1,1,1,1,1,1,1,1,1,1,1,1,15,2020-21,Ricky Rubio
Last 1 MIN <= 5 PTS,2020-21,4,1,3,0.25,3.715,2,4,0.5,2,3,0.667,0,0,0.0,0,0,0,1,0,0,0,0,0,2,6,5,7.5,0,0,1,1,1,1,1,1,1,1,1,1,1,1,1,1,1,1,1,1,1,1,1,1,1,1,1,1,1,1,1,15,2020-21,D'Angelo Russell
Last 1 MIN <= 5 PTS,2020-21,8,2,6,0.25,8.083333333333334,3,5,0.6,0,0,0.0,1,2,0.5,1,1,2,0,1,1,0,2,1,1,7,-13,11.4,7,0,1,1,1,1,1,1,1,1,1,1,1,1,1,1,1,1,1,1,1,1,1,1,1,1,1,1,1,1,1,15,2020-21,Domantas Sabonis
,,,,,,,,,,,,,,,,,,,,,,,,,,,,,,,,,,,,,,,,,,,,,,,,,,,,,,,,,,,,,,Luka Samanic
Last 1 MIN <= 5 PTS,2020-21,1,1,0,1.0,0.365,0,0,0.0,0,0,0.0,0,0,0.0,0,0,0,0,0,0,0,0,0,0,0,2,0.0,0,0,1,1,1,1,1,1,1,1,1,1,1,1,1,1,1,1,1,1,1,1,1,1,1,1,1,1,1,1,1,15,2020-21,JaKarr Sampson
Last 1 MIN <= 5 PTS,2020-21,1,0,1,0.0,0.7066666666666667,0,0,0.0,0,0,0.0,0,0,0.0,0,0,0,0,0,0,0,0,0,0,0,-5,0.0,0,0,1,1,1,1,1,1,1,1,1,1,1,1,1,1,1,1,1,1,1,1,1,1,1,1,1,1,1,1,1,15,2020-21,Dario Saric
Last 1 MIN <= 5 PTS,2020-21,1,0,1,0.0,0.23666666666666666,0,1,0.0,0,1,0.0,0,0,0.0,0,0,0,0,0,0,0,0,0,0,0,2,0.0,0,0,1,1,1,1,1,1,1,1,1,1,1,1,1,1,1,1,1,1,1,1,1,1,1,1,1,1,1,1,1,15,2020-21,Tomas Satoransky
,,,,,,,,,,,,,,,,,,,,,,,,,,,,,,,,,,,,,,,,,,,,,,,,,,,,,,,,,,,,,,Admiral Schofield
Last 1 MIN <= 5 PTS,2020-21,5,3,2,0.6,4.226666666666667,1,1,1.0,0,0,0.0,1,2,0.5,0,1,1,1,0,0,0,0,0,2,3,11,5.7,0,0,1,1,1,1,1,1,1,1,1,1,1,1,1,1,1,1,1,1,1,1,1,1,1,1,1,1,1,1,1,15,2020-21,Dennis Schroder
Last 1 MIN <= 5 PTS,2020-21,1,1,0,1.0,1.505,0,0,0.0,0,0,0.0,0,0,0.0,0,0,0,1,0,0,0,0,0,0,0,7,1.5,0,0,1,1,1,1,1,1,1,1,1,1,1,1,1,1,1,1,1,1,1,1,1,1,1,1,1,1,1,1,1,15,2020-21,Mike Scott
,,,,,,,,,,,,,,,,,,,,,,,,,,,,,,,,,,,,,,,,,,,,,,,,,,,,,,,,,,,,,,Thabo Sefolosha
Last 1 MIN <= 5 PTS,2020-21,5,3,2,0.6,5.963333333333333,5,7,0.714,2,2,1.0,0,0,0.0,2,0,2,1,2,2,0,1,3,1,12,4,19.9,0,0,1,1,1,1,1,1,1,1,1,1,1,1,1,1,1,1,1,1,1,1,1,1,1,1,1,1,1,1,1,15,2020-21,Collin Sexton
Last 1 MIN <= 5 PTS,2020-21,3,0,3,0.0,0.99,0,0,0.0,0,0,0.0,0,0,0.0,0,0,0,0,0,0,0,0,0,0,0,-9,0.0,0,0,1,1,1,1,1,1,1,1,1,1,1,1,1,1,1,1,1,1,1,1,1,1,1,1,1,1,1,1,1,15,2020-21,Landry Shamet
,,,,,,,,,,,,,,,,,,,,,,,,,,,,,,,,,,,,,,,,,,,,,,,,,,,,,,,,,,,,,,Marial Shayok
,,,,,,,,,,,,,,,,,,,,,,,,,,,,,,,,,,,,,,,,,,,,,,,,,,,,,,,,,,,,,,Iman Shumpert
Last 1 MIN <= 5 PTS,2020-21,7,1,6,0.143,3.716666666666667,2,4,0.5,0,0,0.0,1,2,0.5,0,0,0,2,0,0,0,0,1,1,5,-5,8.0,3,1,1,1,1,1,1,1,1,1,1,1,1,1,1,1,1,1,1,1,1,1,1,1,1,1,1,1,1,1,1,15,2020-21,Pascal Siakam
,,,,,,,,,,,,,,,,,,,,,,,,,,,,,,,,,,,,,,,,,,,,,,,,,,,,,,,,,,,,,,Chris Silva
Last 1 MIN <= 5 PTS,2020-21,2,1,1,0.5,1.1366666666666667,0,0,0.0,0,0,0.0,0,0,0.0,0,1,1,0,1,0,0,0,1,0,0,1,0.2,2,1,1,1,1,1,1,1,1,1,1,1,1,1,1,1,1,1,1,1,1,1,1,1,1,1,1,1,1,1,1,15,2020-21,Ben Simmons
,,,,,,,,,,,,,,,,,,,,,,,,,,,,,,,,,,,,,,,,,,,,,,,,,,,,,,,,,,,,,,Kobi Simmons
Last 1 MIN <= 5 PTS,2020-21,3,1,2,0.333,2.2533333333333334,1,2,0.5,1,2,0.5,0,0,0.0,0,0,0,0,0,0,0,0,0,0,3,-1,3.0,0,0,1,1,1,1,1,1,1,1,1,1,1,1,1,1,1,1,1,1,1,1,1,1,1,1,1,1,1,1,1,15,2020-21,Anfernee Simons
,,,,,,,,,,,,,,,,,,,,,,,,,,,,,,,,,,,,,,,,,,,,,,,,,,,,,,,,,,,,,,Alen Smailagic
Last 1 MIN <= 5 PTS,2020-21,7,3,4,0.429,5.221666666666667,1,5,0.2,0,2,0.0,0,0,0.0,1,0,1,1,0,0,0,0,1,0,2,4,4.7,1,0,1,1,1,1,1,1,1,1,1,1,1,1,1,1,1,1,1,1,1,1,1,1,1,1,1,1,1,1,1,15,2020-21,Marcus Smart
Last 1 MIN <= 5 PTS,2020-21,3,1,2,0.333,2.4133333333333336,0,0,0.0,0,0,0.0,0,0,0.0,0,1,1,0,0,0,0,0,1,0,0,4,1.2,0,0,1,1,1,1,1,1,1,1,1,1,1,1,1,1,1,1,1,1,1,1,1,1,1,1,1,1,1,1,1,15,2020-21,Ish Smith
,,,,,,,,,,,,,,,,,,,,,,,,,,,,,,,,,,,,,,,,,,,,,,,,,,,,,,,,,,,,,,Zhaire Smith
,,,,,,,,,,,,,,,,,,,,,,,,,,,,,,,,,,,,,,,,,,,,,,,,,,,,,,,,,,,,,,Dennis Smith Jr.
,,,,,,,,,,,,,,,,,,,,,,,,,,,,,,,,,,,,,,,,,,,,,,,,,,,,,,,,,,,,,,Tony Snell
,,,,,,,,,,,,,,,,,,,,,,,,,,,,,,,,,,,,,,,,,,,,,,,,,,,,,,,,,,,,,,Ray Spalding
,,,,,,,,,,,,,,,,,,,,,,,,,,,,,,,,,,,,,,,,,,,,,,,,,,,,,,,,,,,,,,Omari Spellman
Last 1 MIN <= 5 PTS,2020-21,1,1,0,1.0,0.3,0,0,0.0,0,0,0.0,0,0,0.0,0,0,0,0,0,0,0,0,0,0,0,2,0.0,0,0,1,1,1,1,1,1,1,1,1,1,1,1,1,1,1,1,1,1,1,1,1,1,1,1,1,1,1,1,1,15,2020-21,Max Strus
,,,,,,,,,,,,,,,,,,,,,,,,,,,,,,,,,,,,,,,,,,,,,,,,,,,,,,,,,,,,,,Edmond Sumner
,,,,,,,,,,,,,,,,,,,,,,,,,,,,,,,,,,,,,,,,,,,,,,,,,,,,,,,,,,,,,,Caleb Swanigan
Last 1 MIN <= 5 PTS,2020-21,10,4,6,0.4,7.8116666666666665,4,10,0.4,1,6,0.167,3,3,1.0,0,4,4,1,1,1,0,0,0,2,12,3,20.3,3,0,1,1,1,1,1,1,1,1,1,1,1,1,1,1,1,1,1,1,1,1,1,1,1,1,1,1,1,1,1,15,2020-21,Jayson Tatum
Last 1 MIN <= 5 PTS,2020-21,4,1,3,0.25,3.2383333333333333,0,0,0.0,0,0,0.0,0,0,0.0,0,0,0,0,0,0,1,0,1,0,0,3,3.0,0,0,1,1,1,1,1,1,1,1,1,1,1,1,1,1,1,1,1,1,1,1,1,1,1,1,1,1,1,1,1,15,2020-21,Jeff Teague
Last 1 MIN <= 5 PTS,2020-21,8,1,7,0.125,5.6466666666666665,2,5,0.4,1,3,0.333,0,0,0.0,1,1,2,2,0,1,0,0,5,0,5,-5,13.4,0,0,1,1,1,1,1,1,1,1,1,1,1,1,1,1,1,1,1,1,1,1,1,1,1,1,1,1,1,1,1,15,2020-21,Garrett Temple
Last 1 MIN <= 5 PTS,2020-21,9,3,6,0.333,6.725,1,3,0.333,0,1,0.0,0,0,0.0,2,1,3,0,0,0,0,0,2,0,2,0,5.6,1,0,1,1,1,1,1,1,1,1,1,1,1,1,1,1,1,1,1,1,1,1,1,1,1,1,1,1,1,1,1,15,2020-21,Daniel Theis
,,,,,,,,,,,,,,,,,,,,,,,,,,,,,,,,,,,,,,,,,,,,,,,,,,,,,,,,,,,,,,Isaiah Thomas
,,,,,,,,,,,,,,,,,,,,,,,,,,,,,,,,,,,,,,,,,,,,,,,,,,,,,,,,,,,,,,Khyri Thomas
Last 1 MIN <= 5 PTS,2020-21,1,0,1,0.0,0.175,0,0,0.0,0,0,0.0,0,0,0.0,0,0,0,0,0,0,0,0,0,0,0,-1,0.0,0,0,1,1,1,1,1,1,1,1,1,1,1,1,1,1,1,1,1,1,1,1,1,1,1,1,1,1,1,1,1,15,2020-21,Matt Thomas
,,,,,,,,,,,,,,,,,,,,,,,,,,,,,,,,,,,,,,,,,,,,,,,,,,,,,,,,,,,,,,Klay Thompson
Last 1 MIN <= 5 PTS,2020-21,5,2,3,0.4,0.595,0,0,0.0,0,0,0.0,0,0,0.0,0,0,0,0,0,0,0,0,2,0,0,-4,0.0,2,0,1,1,1,1,1,1,1,1,1,1,1,1,1,1,1,1,1,1,1,1,1,1,1,1,1,1,1,1,1,15,2020-21,Tristan Thompson
Last 1 MIN <= 5 PTS,2020-21,1,1,0,1.0,0.0,0,0,0.0,0,0,0.0,0,0,0.0,0,0,0,0,0,0,0,0,0,0,0,0,0.0,0,0,1,1,1,1,1,1,1,1,1,1,1,1,1,1,1,1,1,1,1,1,1,1,1,1,1,1,1,1,1,15,2020-21,Matisse Thybulle
,,,,,,,,,,,,,,,,,,,,,,,,,,,,,,,,,,,,,,,,,,,,,,,,,,,,,,,,,,,,,,Anthony Tolliver
Last 1 MIN <= 5 PTS,2020-21,1,0,1,0.0,1.6233333333333333,1,1,1.0,1,1,1.0,0,0,0.0,0,1,1,0,0,0,0,0,0,0,3,3,4.2,1,0,1,1,1,1,1,1,1,1,1,1,1,1,1,1,1,1,1,1,1,1,1,1,1,1,1,1,1,1,1,15,2020-21,Karl-Anthony Towns
Last 1 MIN <= 5 PTS,2020-21,5,2,3,0.4,3.72,0,2,0.0,0,1,0.0,0,0,0.0,0,1,1,0,0,1,0,0,0,0,0,5,4.2,0,0,1,1,1,1,1,1,1,1,1,1,1,1,1,1,1,1,1,1,1,1,1,1,1,1,1,1,1,1,1,15,2020-21,Gary Trent Jr.
,,,,,,,,,,,,,,,,,,,,,,,,,,,,,,,,,,,,,,,,,,,,,,,,,,,,,,,,,,,,,,Allonzo Trier
Last 1 MIN <= 5 PTS,2020-21,4,0,4,0.0,4.1433333333333335,0,1,0.0,0,1,0.0,2,2,1.0,0,1,1,0,0,0,0,0,1,1,2,-2,3.2,0,0,1,1,1,1,1,1,1,1,1,1,1,1,1,1,1,1,1,1,1,1,1,1,1,1,1,1,1,1,1,15,2020-21,P.J. Tucker
,,,,,,,,,,,,,,,,,,,,,,,,,,,,,,,,,,,,,,,,,,,,,,,,,,,,,,,,,,,,,,Rayjon Tucker
,,,,,,,,,,,,,,,,,,,,,,,,,,,,,,,,,,,,,,,,,,,,,,,,,,,,,,,,,,,,,,Evan Turner
Last 1 MIN <= 5 PTS,2020-21,8,2,6,0.25,6.523333333333333,2,4,0.5,2,3,0.667,0,0,0.0,0,1,1,0,0,0,0,0,3,0,6,-10,7.2,0,0,1,1,1,1,1,1,1,1,1,1,1,1,1,1,1,1,1,1,1,1,1,1,1,1,1,1,1,1,1,15,2020-21,Myles Turner
Last 1 MIN <= 5 PTS,2020-21,3,1,2,0.333,2.9816666666666665,0,0,0.0,0,0,0.0,2,2,1.0,0,1,1,0,0,0,1,0,0,1,2,4,6.2,3,0,1,1,1,1,1,1,1,1,1,1,1,1,1,1,1,1,1,1,1,1,1,1,1,1,1,1,1,1,1,15,2020-21,Jonas Valanciunas
Last 1 MIN <= 5 PTS,2020-21,4,0,4,0.0,0.925,0,0,0.0,0,0,0.0,0,0,0.0,0,0,0,0,0,0,0,0,1,0,0,-1,0.0,0,0,1,1,1,1,1,1,1,1,1,1,1,1,1,1,1,1,1,1,1,1,1,1,1,1,1,1,1,1,1,15,2020-21,Denzel Valentine
Last 1 MIN <= 5 PTS,2020-21,9,2,7,0.222,5.318333333333333,2,6,0.333,1,4,0.25,0,0,0.0,0,0,0,1,0,0,0,0,0,0,5,-9,6.5,2,0,1,1,1,1,1,1,1,1,1,1,1,1,1,1,1,1,1,1,1,1,1,1,1,1,1,1,1,1,1,15,2020-21,Fred VanVleet
Last 1 MIN <= 5 PTS,2020-21,4,0,4,0.0,0.93,0,0,0.0,0,0,0.0,0,0,0.0,0,0,0,0,0,0,0,0,1,0,0,-3,0.0,0,0,1,1,1,1,1,1,1,1,1,1,1,1,1,1,1,1,1,1,1,1,1,1,1,1,1,1,1,1,1,15,2020-21,Jarred Vanderbilt
Last 1 MIN <= 5 PTS,2020-21,1,0,1,0.0,0.65,0,0,0.0,0,0,0.0,0,0,0.0,0,0,0,0,0,0,0,0,1,0,0,1,0.0,0,0,1,1,1,1,1,1,1,1,1,1,1,1,1,1,1,1,1,1,1,1,1,1,1,1,1,1,1,1,1,15,2020-21,Gabe Vincent
,,,,,,,,,,,,,,,,,,,,,,,,,,,,,,,,,,,,,,,,,,,,,,,,,,,,,,,,,,,,,,Noah Vonleh
Last 1 MIN <= 5 PTS,2020-21,7,2,5,0.286,4.15,1,1,1.0,0,0,0.0,0,0,0.0,0,1,1,2,0,0,0,0,2,0,2,-1,6.2,5,0,1,1,1,1,1,1,1,1,1,1,1,1,1,1,1,1,1,1,1,1,1,1,1,1,1,1,1,1,1,15,2020-21,Nikola Vucevic
,,,,,,,,,,,,,,,,,,,,,,,,,,,,,,,,,,,,,,,,,,,,,,,,,,,,,,,,,,,,,,Dean Wade
,,,,,,,,,,,,,,,,,,,,,,,,,,,,,,,,,,,,,,,,,,,,,,,,,,,,,,,,,,,,,,Moritz Wagner
,,,,,,,,,,,,,,,,,,,,,,,,,,,,,,,,,,,,,,,,,,,,,,,,,,,,,,,,,,,,,,Dion Waiters
Last 1 MIN <= 5 PTS,2020-21,5,1,4,0.2,3.191666666666667,1,2,0.5,0,0,0.0,0,0,0.0,0,1,1,1,1,0,1,0,0,0,2,-3,6.7,0,0,1,1,1,1,1,1,1,1,1,1,1,1,1,1,1,1,1,1,1,1,1,1,1,1,1,1,1,1,1,15,2020-21,Kemba Walker
Last 1 MIN <= 5 PTS,2020-21,1,0,1,0.0,1.0,1,1,1.0,0,0,0.0,0,0,0.0,0,0,0,0,0,0,0,0,0,0,2,1,2.0,0,0,1,1,1,1,1,1,1,1,1,1,1,1,1,1,1,1,1,1,1,1,1,1,1,1,1,1,1,1,1,15,2020-21,Lonnie Walker IV
Last 1 MIN <= 5 PTS,2020-21,2,0,2,0.0,1.635,1,1,1.0,0,0,0.0,0,0,0.0,1,0,1,0,1,0,0,0,0,0,2,-2,2.2,0,0,1,1,1,1,1,1,1,1,1,1,1,1,1,1,1,1,1,1,1,1,1,1,1,1,1,1,1,1,1,15,2020-21,John Wall
,,,,,,,,,,,,,,,,,,,,,,,,,,,,,,,,,,,,,,,,,,,,,,,,,,,,,,,,,,,,,,Tyrone Wallace
,,,,,,,,,,,,,,,,,,,,,,,,,,,,,,,,,,,,,,,,,,,,,,,,,,,,,,,,,,,,,,Derrick Walton Jr.
,,,,,,,,,,,,,,,,,,,,,,,,,,,,,,,,,,,,,,,,,,,,,,,,,,,,,,,,,,,,,,Brad Wanamaker
Last 1 MIN <= 5 PTS,2020-21,1,1,0,1.0,0.056666666666666664,0,0,0.0,0,0,0.0,0,0,0.0,0,0,0,0,0,0,0,0,0,0,0,2,0.0,0,0,1,1,1,1,1,1,1,1,1,1,1,1,1,1,1,1,1,1,1,1,1,1,1,1,1,1,1,1,1,15,2020-21,T.J. Warren
Last 1 MIN <= 5 PTS,2020-21,4,1,3,0.25,2.683333333333333,0,1,0.0,0,1,0.0,0,0,0.0,0,0,0,2,0,0,1,0,0,0,0,4,6.0,2,0,1,1,1,1,1,1,1,1,1,1,1,1,1,1,1,1,1,1,1,1,1,1,1,1,1,1,1,1,1,15,2020-21,P.J. Washington
Last 1 MIN <= 5 PTS,2020-21,1,0,1,0.0,1.1333333333333333,0,0,0.0,0,0,0.0,0,0,0.0,0,0,0,0,0,0,0,0,1,0,0,-1,0.0,0,0,1,1,1,1,1,1,1,1,1,1,1,1,1,1,1,1,1,1,1,1,1,1,1,1,1,1,1,1,1,15,2020-21,Yuta Watanabe
,,,,,,,,,,,,,,,,,,,,,,,,,,,,,,,,,,,,,,,,,,,,,,,,,,,,,,,,,,,,,,Tremont Waters
,,,,,,,,,,,,,,,,,,,,,,,,,,,,,,,,,,,,,,,,,,,,,,,,,,,,,,,,,,,,,,Paul Watson
,,,,,,,,,,,,,,,,,,,,,,,,,,,,,,,,,,,,,,,,,,,,,,,,,,,,,,,,,,,,,,Quinndary Weatherspoon
Last 1 MIN <= 5 PTS,2020-21,5,2,3,0.4,3.6983333333333333,2,4,0.5,1,2,0.5,3,4,0.75,0,1,1,0,0,1,0,1,3,2,8,-3,12.2,5,2,1,1,1,1,1,1,1,1,1,1,1,1,1,1,1,1,1,1,1,1,1,1,1,1,1,1,1,1,1,15,2020-21,Russell Westbrook
Last 1 MIN <= 5 PTS,2020-21,10,1,9,0.1,8.206666666666667,3,5,0.6,1,3,0.333,0,0,0.0,1,1,2,1,0,0,0,0,2,1,7,-4,10.9,0,0,1,1,1,1,1,1,1,1,1,1,1,1,1,1,1,1,1,1,1,1,1,1,1,1,1,1,1,1,1,15,2020-21,Coby White
Last 1 MIN <= 5 PTS,2020-21,1,0,1,0.0,1.095,0,1,0.0,0,1,0.0,0,0,0.0,0,0,0,0,0,0,0,0,0,0,0,-6,0.0,0,0,1,1,1,1,1,1,1,1,1,1,1,1,1,1,1,1,1,1,1,1,1,1,1,1,1,1,1,1,1,15,2020-21,Derrick White
Last 1 MIN <= 5 PTS,2020-21,2,1,1,0.5,1.64,0,1,0.0,0,0,0.0,0,0,0.0,1,0,1,0,0,0,0,0,0,0,0,6,1.2,0,0,1,1,1,1,1,1,1,1,1,1,1,1,1,1,1,1,1,1,1,1,1,1,1,1,1,1,1,1,1,15,2020-21,Hassan Whiteside
Last 1 MIN <= 5 PTS,2020-21,5,2,3,0.4,4.958333333333333,0,3,0.0,0,0,0.0,0,0,0.0,2,0,2,0,0,0,0,0,0,0,0,-1,2.4,0,0,1,1,1,1,1,1,1,1,1,1,1,1,1,1,1,1,1,1,1,1,1,1,1,1,1,1,1,1,1,15,2020-21,Andrew Wiggins
Last 1 MIN <= 5 PTS,2020-21,6,1,5,0.167,1.7366666666666666,0,1,0.0,0,0,0.0,0,2,0.0,2,0,2,0,0,0,0,0,2,1,0,-6,2.4,0,0,1,1,1,1,1,1,1,1,1,1,1,1,1,1,1,1,1,1,1,1,1,1,1,1,1,1,1,1,1,15,2020-21,Grant Williams
,,,,,,,,,,,,,,,,,,,,,,,,,,,,,,,,,,,,,,,,,,,,,,,,,,,,,,,,,,,,,,Johnathan Williams
Last 1 MIN <= 5 PTS,2020-21,2,1,1,0.5,2.35,1,1,1.0,0,0,0.0,0,0,0.0,1,0,1,0,0,0,0,0,0,1,2,5,3.2,0,0,1,1,1,1,1,1,1,1,1,1,1,1,1,1,1,1,1,1,1,1,1,1,1,1,1,1,1,1,1,15,2020-21,Kenrich Williams
Last 1 MIN <= 5 PTS,2020-21,3,0,3,0.0,3.316666666666667,3,5,0.6,2,4,0.5,0,0,0.0,0,0,0,0,0,0,0,0,1,0,8,1,8.0,0,0,1,1,1,1,1,1,1,1,1,1,1,1,1,1,1,1,1,1,1,1,1,1,1,1,1,1,1,1,1,15,2020-21,Lou Williams
,,,,,,,,,,,,,,,,,,,,,,,,,,,,,,,,,,,,,,,,,,,,,,,,,,,,,,,,,,,,,,Marvin Williams
Last 1 MIN <= 5 PTS,2020-21,1,0,1,0.0,0.8316666666666667,0,0,0.0,0,0,0.0,0,0,0.0,0,1,1,0,0,1,0,0,1,0,0,3,4.2,0,0,1,1,1,1,1,1,1,1,1,1,1,1,1,1,1,1,1,1,1,1,1,1,1,1,1,1,1,1,1,15,2020-21,Robert Williams III
,,,,,,,,,,,,,,,,,,,,,,,,,,,,,,,,,,,,,,,,,,,,,,,,,,,,,,,,,,,,,,Nigel Williams-Goss
Last 1 MIN <= 5 PTS,2020-21,3,1,2,0.333,2.3233333333333333,1,1,1.0,0,0,0.0,0,0,0.0,0,0,0,1,0,0,0,0,0,0,2,5,3.5,1,0,1,1,1,1,1,1,1,1,1,1,1,1,1,1,1,1,1,1,1,1,1,1,1,1,1,1,1,1,1,15,2020-21,Zion Williamson
,,,,,,,,,,,,,,,,,,,,,,,,,,,,,,,,,,,,,,,,,,,,,,,,,,,,,,,,,,,,,,D.J. Wilson
,,,,,,,,,,,,,,,,,,,,,,,,,,,,,,,,,,,,,,,,,,,,,,,,,,,,,,,,,,,,,,Dylan Windler
,,,,,,,,,,,,,,,,,,,,,,,,,,,,,,,,,,,,,,,,,,,,,,,,,,,,,,,,,,,,,,Justise Winslow
Last 1 MIN <= 5 PTS,2020-21,3,0,3,0.0,3.055,0,0,0.0,0,0,0.0,0,0,0.0,0,1,1,0,0,0,0,0,0,0,0,-3,1.2,2,0,1,1,1,1,1,1,1,1,1,1,1,1,1,1,1,1,1,1,1,1,1,1,1,1,1,1,1,1,1,15,2020-21,Christian Wood
,,,,,,,,,,,,,,,,,,,,,,,,,,,,,,,,,,,,,,,,,,,,,,,,,,,,,,,,,,,,,,Kenny Wooten
Last 1 MIN <= 5 PTS,2020-21,6,1,5,0.167,6.946666666666666,1,1,1.0,0,0,0.0,0,0,0.0,0,0,0,0,0,0,0,0,1,1,2,-1,2.0,1,0,1,1,1,1,1,1,1,1,1,1,1,1,1,1,1,1,1,1,1,1,1,1,1,1,1,1,1,1,1,15,2020-21,Delon Wright
,,,,,,,,,,,,,,,,,,,,,,,,,,,,,,,,,,,,,,,,,,,,,,,,,,,,,,,,,,,,,,Justin Wright-Foreman
Last 1 MIN <= 5 PTS,2020-21,7,1,6,0.143,5.71,1,2,0.5,0,0,0.0,0,0,0.0,1,0,1,1,1,3,0,0,2,0,2,1,12.7,1,0,1,1,1,1,1,1,1,1,1,1,1,1,1,1,1,1,1,1,1,1,1,1,1,1,1,1,1,1,1,15,2020-21,Thaddeus Young
Last 1 MIN <= 5 PTS,2020-21,9,1,8,0.111,8.123333333333333,4,6,0.667,0,2,0.0,4,6,0.667,0,2,2,3,1,0,0,0,4,4,12,-12,17.9,7,0,1,1,1,1,1,1,1,1,1,1,1,1,1,1,1,1,1,1,1,1,1,1,1,1,1,1,1,1,1,15,2020-21,Trae Young
Last 1 MIN <= 5 PTS,2020-21,2,1,1,0.5,1.155,0,0,0.0,0,0,0.0,0,0,0.0,0,0,0,1,0,0,0,0,1,0,0,3,1.5,1,0,1,1,1,1,1,1,1,1,1,1,1,1,1,1,1,1,1,1,1,1,1,1,1,1,1,1,1,1,1,15,2020-21,Cody Zeller
,,,,,,,,,,,,,,,,,,,,,,,,,,,,,,,,,,,,,,,,,,,,,,,,,,,,,,,,,,,,,,Ante Zizic
Last 1 MIN <= 5 PTS,2020-21,3,0,3,0.0,0.6383333333333333,0,0,0.0,0,0,0.0,0,0,0.0,0,0,0,0,0,0,0,0,0,0,0,-2,0.0,1,0,1,1,1,1,1,1,1,1,1,1,1,1,1,1,1,1,1,1,1,1,1,1,1,1,1,1,1,1,1,15,2020-21,Ivica Zubac
